-- phpMyAdmin SQL Dump
-- version 5.2.1
-- https://www.phpmyadmin.net/
--
-- Servidor: 127.0.0.1
-- Tiempo de generación: 19-06-2024 a las 00:23:10
-- Versión del servidor: 10.4.32-MariaDB
-- Versión de PHP: 8.2.12

SET SQL_MODE = "NO_AUTO_VALUE_ON_ZERO";
START TRANSACTION;
SET time_zone = "+00:00";


/*!40101 SET @OLD_CHARACTER_SET_CLIENT=@@CHARACTER_SET_CLIENT */;
/*!40101 SET @OLD_CHARACTER_SET_RESULTS=@@CHARACTER_SET_RESULTS */;
/*!40101 SET @OLD_COLLATION_CONNECTION=@@COLLATION_CONNECTION */;
/*!40101 SET NAMES utf8mb4 */;

--
-- Base de datos: `papeleria`
--
CREATE DATABASE IF NOT EXISTS `papeleria` DEFAULT CHARACTER SET utf8mb4 COLLATE utf8mb4_general_ci;
USE `papeleria`;

DELIMITER $$
--
-- Procedimientos
--
DROP PROCEDURE IF EXISTS `SP_BUSCAR_LOGIN`$$
CREATE DEFINER=`root`@`localhost` PROCEDURE `SP_BUSCAR_LOGIN` (IN `_usuario` VARCHAR(100))   BEGIN
    SELECT usuario, contrasena FROM login
    WHERE usuario = _usuario
    LIMIT 1;
END$$

DROP PROCEDURE IF EXISTS `SP_CATEGORIAS_MAS_NUEVO_VIEJO`$$
CREATE DEFINER=`root`@`localhost` PROCEDURE `SP_CATEGORIAS_MAS_NUEVO_VIEJO` ()   BEGIN

SELECT * FROM categorias
ORDER BY fecha DESC;

END$$

DROP PROCEDURE IF EXISTS `SP_CATEGORIAS_MAS_VIEJO_NUEVO`$$
CREATE DEFINER=`root`@`localhost` PROCEDURE `SP_CATEGORIAS_MAS_VIEJO_NUEVO` ()   BEGIN

SELECT * FROM categorias
ORDER BY fecha ASC;

END$$

DROP PROCEDURE IF EXISTS `SP_CATEGORIAS_ORDENALFABETICO`$$
CREATE DEFINER=`root`@`localhost` PROCEDURE `SP_CATEGORIAS_ORDENALFABETICO` ()   BEGIN
SELECT idCategorias, Categoria 
FROM categorias
ORDER BY Categoria ASC;
END$$

DROP PROCEDURE IF EXISTS `SP_CREAR_FACTURA`$$
CREATE DEFINER=`root`@`localhost` PROCEDURE `SP_CREAR_FACTURA` (IN `_idCrearCuenta` INT(10), IN `_idRegProducto` INT(10), IN `_idMetodoPago` INT(10), IN `_cantidad` INT(100), IN `_fecha` DATE)   BEGIN
    INSERT INTO factura (
        idCrearCuenta, 
        idRegProducto, 
        idMetodoPago, 
        cantidad, 
        fecha
    ) VALUES (
        _idCrearCuenta, 
        _idRegProducto, 
        _idMetodoPago, 
        _cantidad, 
        _fecha
    );
END$$

DROP PROCEDURE IF EXISTS `SP_EDITAR_CATEGORIAS`$$
CREATE DEFINER=`root`@`localhost` PROCEDURE `SP_EDITAR_CATEGORIAS` (IN `_IDCATEGORIAS` INT(10), IN `_DESCRIPCION_CATEGORIA` VARCHAR(200), IN `_CATEGORIA` VARCHAR(100), IN `_imagen` TEXT, IN `_FECHA` DATE)   BEGIN
UPDATE categorias
SET Categoria = _CATEGORIA,
descripcion_categoria = _DESCRIPCION_CATEGORIA,
fecha = _FECHA,
imagen = _imagen
WHERE idCategorias = _IDCATEGORIAS;
END$$

DROP PROCEDURE IF EXISTS `SP_EDITAR_CREAR_CUENTA`$$
CREATE DEFINER=`root`@`localhost` PROCEDURE `SP_EDITAR_CREAR_CUENTA` (IN `_idCrearCuenta` INT(10), IN `_correo` VARCHAR(100), IN `_contrasena` VARCHAR(100), IN `_confirmacion` VARCHAR(100), IN `_estado` VARCHAR(50))   BEGIN
UPDATE crearcuenta
SET correo =
CASE
   WHEN _correo = '' THEN correo
   ELSE _correo
END,
   contrasena =
CASE
   WHEN _contrasena = '' THEN contrasena
   ELSE _contrasena
END,
    confirmacion =
CASE
   WHEN _confirmacion = '' THEN confirmacion
   ELSE _confirmacion
END, 
    estado =
CASE
   WHEN _estado = '' THEN estado
   ELSE _estado
END
  
WHERE idCrearCuenta = _idCrearCuenta;

END$$

DROP PROCEDURE IF EXISTS `SP_EDITAR_FACTURA`$$
CREATE DEFINER=`root`@`localhost` PROCEDURE `SP_EDITAR_FACTURA` (IN `_idFactura` INT(10), IN `_idCrearCuenta` INT(10), IN `_idRegProducto` INT(10), IN `_idMetodoPago` INT(10), IN `_cantidad` INT(100), IN `_fecha` DATE)   BEGIN
    UPDATE factura
    SET 
        idCrearCuenta = _idCrearCuenta,
        idRegProducto = _idRegProducto,
        idMetodoPago = _idMetodoPago,
        cantidad = _cantidad,
        fecha = _fecha
    WHERE idFactura = _idFactura;
END$$

DROP PROCEDURE IF EXISTS `SP_EDITAR_PRODUCTO`$$
CREATE DEFINER=`root`@`localhost` PROCEDURE `SP_EDITAR_PRODUCTO` (IN `_idProducto` INT(10), IN `_descripcion` VARCHAR(200), IN `_unidades` INT(25), IN `_codigo_producto` INT(50), IN `_imagen` TEXT, IN `_precio_compra` INT(20), IN `_precio_venta` INT(20))   BEGIN
UPDATE producto
SET descripcion =
CASE
   WHEN _descripcion = '' THEN descripcion
   ELSE _descripcion
END, unidades =
CASE
   WHEN _unidades = '' THEN unidades
   ELSE _unidades
END, codigo_producto = 
CASE
	WHEN _codigo_producto = '' THEN codigo_producto
    ELSE _codigo_producto
END, imagen = 
CASE
	WHEN _imagen = '' THEN imagen
    ELSE _imagen
END,precio_venta =
CASE
   WHEN _precio_venta = '' THEN precio_venta
   ELSE _precio_venta
END, precio_compra =
CASE
   WHEN _precio_compra = '' THEN precio_compra
   ELSE _precio_compra
END 
  
WHERE idProducto = _idProducto;

END$$

DROP PROCEDURE IF EXISTS `SP_EDITAR_PROVEEDOR`$$
CREATE DEFINER=`root`@`localhost` PROCEDURE `SP_EDITAR_PROVEEDOR` (IN `_idProveedor` INT(10), IN `_telefono` INT(10), IN `_direccion` VARCHAR(100), IN `_correo` VARCHAR(150), IN `_nit` INT(20))   BEGIN
UPDATE proveedor
SET telefono =
CASE
   WHEN _telefono = '' THEN telefono
   ELSE _telefono
END,
   direccion =
CASE
   WHEN _direccion = '' THEN direccion
   ELSE _direccion
END,
    correo =
CASE
   WHEN _correo = '' THEN correo
   ELSE _correo
END, 
    nit =
CASE
   WHEN _nit = '' THEN nit
   ELSE _nit
END
  
WHERE idProveedor = _idProveedor;

END$$

DROP PROCEDURE IF EXISTS `SP_EDITAR_REGPRODUCTO`$$
CREATE DEFINER=`root`@`localhost` PROCEDURE `SP_EDITAR_REGPRODUCTO` (IN `_idRegProducto` INT(10), IN `_cantinicial` INT(25), IN `_cantfinal` INT(25), IN `_fecha` DATE, IN `_valorcompra` INT(50), IN `_estado` VARCHAR(25))   BEGIN
UPDATE regproducto
SET cantinicial =
CASE
   WHEN _cantinicial = '' THEN cantinicial
   ELSE _cantinicial
END,
   cantfinal =
CASE
   WHEN _cantfinal = '' THEN cantfinal
   ELSE _cantfinal
END,
    fecha =
CASE
   WHEN _fecha = '' THEN fecha
   ELSE _fecha
END, 
   valorcompra =
CASE
   WHEN _valorcompra = '' THEN valorcompra
   ELSE _valorcompra
END, 
    estado =
CASE
   WHEN _estado = '' THEN estado
   ELSE _estado
END
  
WHERE idRegProducto = _idRegProducto;

END$$

DROP PROCEDURE IF EXISTS `SP_EDITAR_USUARIO`$$
CREATE DEFINER=`root`@`localhost` PROCEDURE `SP_EDITAR_USUARIO` (IN `_idUsuario` INT(10), IN `_identificacion` INT(15), IN `_nombres` VARCHAR(50), IN `_telefono` VARCHAR(15), IN `_fecha_naci` DATE)   BEGIN
UPDATE usuario
SET identificacion =
CASE
   WHEN _identificacion = '' THEN identificacion
   ELSE _identificacion
END,
   nombres =
CASE
   WHEN _nombres = '' THEN nombres
   ELSE _nombres
END,
    telefono =
CASE
   WHEN _telefono = '' THEN telefono
   ELSE _telefono
END, 
    fecha_naci =
CASE
   WHEN _fecha_naci = '' THEN fecha_naci
   ELSE _fecha_naci
END
  
WHERE idUsuario = _idUsuario;

END$$

DROP PROCEDURE IF EXISTS `SP_ELIMINAR_CATEGORIAS`$$
CREATE DEFINER=`root`@`localhost` PROCEDURE `SP_ELIMINAR_CATEGORIAS` (IN `_IDCATEGORIAS` INT(10))   BEGIN
DELETE FROM categorias
WHERE idCategorias = _IDCATEGORIAS;
END$$

DROP PROCEDURE IF EXISTS `SP_ELIMINAR_CREARCUENTA`$$
CREATE DEFINER=`root`@`localhost` PROCEDURE `SP_ELIMINAR_CREARCUENTA` (IN `_idCrearCuenta` INT(10))   BEGIN
DELETE FROM crearcuenta
WHERE idCrearCuenta = _idCrearCuenta;
END$$

DROP PROCEDURE IF EXISTS `SP_ELIMINAR_FACTURA`$$
CREATE DEFINER=`root`@`localhost` PROCEDURE `SP_ELIMINAR_FACTURA` (IN `_idFactura` INT(10))   BEGIN
DELETE FROM factura
WHERE idFactura = _idFactura;
END$$

DROP PROCEDURE IF EXISTS `SP_ELIMINAR_PRODUCTO`$$
CREATE DEFINER=`root`@`localhost` PROCEDURE `SP_ELIMINAR_PRODUCTO` (IN `_idProducto` INT(10))   BEGIN
DELETE FROM producto
WHERE idProducto = _idProducto;
END$$

DROP PROCEDURE IF EXISTS `SP_ELIMINAR_PROVEEDOR`$$
CREATE DEFINER=`root`@`localhost` PROCEDURE `SP_ELIMINAR_PROVEEDOR` (IN `_idProveedor` INT(10))   BEGIN
DELETE FROM proveedor
WHERE idProveedor = _idProveedor;
END$$

DROP PROCEDURE IF EXISTS `SP_ELIMINAR_REGPRODUCTO`$$
CREATE DEFINER=`root`@`localhost` PROCEDURE `SP_ELIMINAR_REGPRODUCTO` (IN `_idRegProducto` INT(10))   BEGIN
DELETE FROM regproducto
WHERE idRegProducto = _idRegProducto;
END$$

DROP PROCEDURE IF EXISTS `SP_ELIMINAR_USUARIO`$$
CREATE DEFINER=`root`@`localhost` PROCEDURE `SP_ELIMINAR_USUARIO` (IN `_idUsuario` INT(10))   BEGIN
DELETE FROM usuario
WHERE idUsuario = _idUsuario;
END$$

DROP PROCEDURE IF EXISTS `SP_INSERTAR_CATEGORIA`$$
CREATE DEFINER=`root`@`localhost` PROCEDURE `SP_INSERTAR_CATEGORIA` (IN `_CATEGORIA` VARCHAR(100), IN `_DESCRIPCION_CATEGORIA` VARCHAR(200), IN `_imagen` TEXT, IN `_FECHA` DATE)   BEGIN
INSERT INTO categorias (categoria, descripcion_categoria, imagen, fecha)
VALUES (_CATEGORIA, _DESCRIPCION_CATEGORIA, _imagen, _FECHA);
END$$

DROP PROCEDURE IF EXISTS `SP_INSERTAR_CREARCUENTA`$$
CREATE DEFINER=`root`@`localhost` PROCEDURE `SP_INSERTAR_CREARCUENTA` (IN `_IDUSUARIO` INT(10), IN `_IDROL` INT(10), IN `_CORREO` VARCHAR(100), IN `_CONTRASENA` VARCHAR(100), IN `_CONFIRMACION` VARCHAR(100), IN `_ESTADO` VARCHAR(50))   BEGIN
INSERT INTO crearcuenta (idUsuario, idRol, correo, contrasena, confirmacion, estado)
VALUES (_idUsuario, _idRol, _correo, _contrasena, _confirmacion, _estado);
END$$

DROP PROCEDURE IF EXISTS `SP_INSERTAR_PRODUCTOS`$$
CREATE DEFINER=`root`@`localhost` PROCEDURE `SP_INSERTAR_PRODUCTOS` (IN `_descripcion` VARCHAR(200), IN `_unidades` INT(25), IN `_precio_compra` INT(20), IN `_precio_venta` INT(20), IN `_codigo_producto` INT(50), IN `_imagen` TEXT)   BEGIN
INSERT INTO producto (descripcion, unidades, codigo_producto, imagen, precio_compra, precio_venta)
VALUES (_descripcion, _unidades, _codigo_producto, _imagen, _precio_compra, _precio_venta);
END$$

DROP PROCEDURE IF EXISTS `SP_INSERTAR_PROVEEDOR`$$
CREATE DEFINER=`root`@`localhost` PROCEDURE `SP_INSERTAR_PROVEEDOR` (IN `TELEFONO` VARCHAR(10), IN `DIRECCION` VARCHAR(100), IN `CORREO` VARCHAR(150), IN `NIT` INT(20))   BEGIN
INSERT INTO proveedor (telefono, direccion, correo, nit)
VALUES (telefono, direccion, correo, nit);
END$$

DROP PROCEDURE IF EXISTS `SP_INSERTAR_REGPRODUCTO`$$
CREATE DEFINER=`root`@`localhost` PROCEDURE `SP_INSERTAR_REGPRODUCTO` (IN `IDPRODUCTO` INT(10), IN `IDCATEGORIA` INT(10), IN `IDPROVEEDOR` INT(10), IN `CANTINICIAL` INT(25), IN `CANTFINAL` INT(25), IN `FECHA` DATE, IN `VALORCOMPRA` INT(50), IN `ESTADO` VARCHAR(25))   BEGIN
INSERT INTO regproducto (idProducto, idCategoria, idProveedor, cantinicial, cantfinal, fecha, valorcompra, estado)
VALUES (idProducto, idCategoria, idProveedor, cantinicial, cantfinal, fecha, valorcompra, estado);
END$$

DROP PROCEDURE IF EXISTS `SP_INSERTAR_USUARIO`$$
CREATE DEFINER=`root`@`localhost` PROCEDURE `SP_INSERTAR_USUARIO` (IN `IDENTIFICACION` INT, IN `NOMBRES` VARCHAR(100), IN `TELEFONO` VARCHAR(20), IN `FECHA_NACIMIENTO` DATE)   BEGIN
    INSERT INTO usuario (identificacion, nombres, telefono, fecha_naci)
    VALUES(IDENTIFICACION, NOMBRES, TELEFONO, FECHA_NACIMIENTO);
END$$

DROP PROCEDURE IF EXISTS `SP_LISTAR_CATEGORIAS`$$
CREATE DEFINER=`root`@`localhost` PROCEDURE `SP_LISTAR_CATEGORIAS` ()   BEGIN
 SELECT * FROM categorias;
END$$

DROP PROCEDURE IF EXISTS `SP_LISTAR_CUENTA`$$
CREATE DEFINER=`root`@`localhost` PROCEDURE `SP_LISTAR_CUENTA` ()   BEGIN

SELECT * FROM crearcuenta;

END$$

DROP PROCEDURE IF EXISTS `SP_LISTAR_FACTURA`$$
CREATE DEFINER=`root`@`localhost` PROCEDURE `SP_LISTAR_FACTURA` ()   BEGIN
    SELECT 
        f.idFactura AS ID,
        d.descripcion AS Descripcion_producto,
		f.fecha AS Fecha,
        u.nombres AS Usuario,
		e.nit AS NIT_Proveedor,
        p.valorcompra AS Valor_Compra,
        m.tipoPago AS Pago
    FROM 
        factura f
    LEFT JOIN 
        crearCuenta c ON f.idCrearCuenta = c.idCrearCuenta
    LEFT JOIN 
        usuario u ON c.idUsuario = u.idUsuario
    LEFT JOIN 
        regProducto p ON f.idRegProducto = p.idRegProducto
    LEFT JOIN
    	proveedor e ON p.idRegProducto = e.idProveedor
    LEFT JOIN
    	producto d ON p.idRegProducto = d.idProducto
    LEFT JOIN 
        metodoPago m ON f.idMetodoPago = m.idMetodoPago;
END$$

DROP PROCEDURE IF EXISTS `SP_LISTAR_PRODUCTOS`$$
CREATE DEFINER=`root`@`localhost` PROCEDURE `SP_LISTAR_PRODUCTOS` ()   BEGIN
 SELECT * FROM producto;
END$$

DROP PROCEDURE IF EXISTS `SP_LISTAR_PROVEEDOR`$$
CREATE DEFINER=`root`@`localhost` PROCEDURE `SP_LISTAR_PROVEEDOR` ()   BEGIN

SELECT * FROM proveedor;

END$$

DROP PROCEDURE IF EXISTS `SP_LISTAR_REGPRODUCTOS`$$
CREATE DEFINER=`root`@`localhost` PROCEDURE `SP_LISTAR_REGPRODUCTOS` ()   BEGIN

SELECT  * FROM regproducto;

END$$

DROP PROCEDURE IF EXISTS `SP_LISTAR_USUARIO`$$
CREATE DEFINER=`root`@`localhost` PROCEDURE `SP_LISTAR_USUARIO` ()   BEGIN

SELECT * FROM usuario;

END$$

DROP PROCEDURE IF EXISTS `SP_MOSTRAR_CATEGORIAS`$$
CREATE DEFINER=`root`@`localhost` PROCEDURE `SP_MOSTRAR_CATEGORIAS` (IN `_IDCATEGORIAS` INT(10))   BEGIN

SELECT * FROM categorias WHERE idCategorias = _IDCATEGORIAS;

END$$

DROP PROCEDURE IF EXISTS `SP_MOSTRAR_CATE_PRODUC`$$
CREATE DEFINER=`root`@`localhost` PROCEDURE `SP_MOSTRAR_CATE_PRODUC` ()   BEGIN
SELECT C.Categoria AS Nombre_Categoria, C.descripcion_categoria AS Descripcion_Categoria, P.descripcion AS Descripcion_Producto, C.fecha AS Fecha_de_Agregacion
FROM categorias C
INNER JOIN producto P
ON idCategorias = idProducto;
END$$

DROP PROCEDURE IF EXISTS `SP_MOSTRAR_CUENTA`$$
CREATE DEFINER=`root`@`localhost` PROCEDURE `SP_MOSTRAR_CUENTA` (IN `_IDCREARCUENTA` INT(10))   BEGIN
    SELECT * FROM crearcuenta WHERE idCrearCuenta = _IDCREARCUENTA;
END$$

DROP PROCEDURE IF EXISTS `SP_MOSTRAR_FACTURA`$$
CREATE DEFINER=`root`@`localhost` PROCEDURE `SP_MOSTRAR_FACTURA` (IN `_idFactura` INT(10))   BEGIN
    SELECT 
        f.idFactura AS ID,
        d.descripcion AS Descripcion_producto,
		f.fecha AS Fecha,
        u.nombres AS Usuario,
		e.nit AS NIT_Proveedor,
        p.valorcompra AS Valor_Compra,
        m.tipoPago AS Pago
    FROM 
        factura f
    LEFT JOIN 
        crearCuenta c ON f.idCrearCuenta = c.idCrearCuenta
    LEFT JOIN 
        usuario u ON c.idUsuario = u.idUsuario
    LEFT JOIN 
        regProducto p ON f.idRegProducto = p.idRegProducto
    LEFT JOIN
    	proveedor e ON p.idRegProducto = e.idProveedor
    LEFT JOIN
    	producto d ON p.idRegProducto = d.idProducto
    LEFT JOIN 
        metodoPago m ON f.idMetodoPago = m.idMetodoPago
     WHERE idFactura = _idFactura;
END$$

DROP PROCEDURE IF EXISTS `SP_MOSTRAR_PRECIOS`$$
CREATE DEFINER=`root`@`localhost` PROCEDURE `SP_MOSTRAR_PRECIOS` ()   BEGIN
SELECT precio_venta, descripcion FROM producto;
END$$

DROP PROCEDURE IF EXISTS `SP_MOSTRAR_PRODUCTOS`$$
CREATE DEFINER=`root`@`localhost` PROCEDURE `SP_MOSTRAR_PRODUCTOS` (IN `_IDPRODUCTO` INT(10))   BEGIN

SELECT * FROM producto WHERE idProducto = _IDPRODUCTO;

END$$

DROP PROCEDURE IF EXISTS `SP_MOSTRAR_PROVEEDOR`$$
CREATE DEFINER=`root`@`localhost` PROCEDURE `SP_MOSTRAR_PROVEEDOR` (IN `_IDPROVEEDOR` INT(10))   BEGIN

SELECT * FROM proveedor WHERE idProveedor = _IDPROVEEDOR;

END$$

DROP PROCEDURE IF EXISTS `SP_MOSTRAR_REGPRODUCTOS`$$
CREATE DEFINER=`root`@`localhost` PROCEDURE `SP_MOSTRAR_REGPRODUCTOS` (IN `_IDREGPRODUCTO` INT(10))   BEGIN

SELECT * FROM regproducto WHERE idRegProducto = _IDREGPRODUCTO;

END$$

DROP PROCEDURE IF EXISTS `SP_MOSTRAR_USUARIO`$$
CREATE DEFINER=`root`@`localhost` PROCEDURE `SP_MOSTRAR_USUARIO` (IN `_IDUSUARIO` INT(10))   BEGIN

SELECT * FROM usuario WHERE idUsuario = _IDUSUARIO;

END$$

DROP PROCEDURE IF EXISTS `SP_PRODUCTO_AGOTADO`$$
CREATE DEFINER=`root`@`localhost` PROCEDURE `SP_PRODUCTO_AGOTADO` ()   BEGIN
SELECT P.idProducto, P.descripcion, P.unidades
FROM producto P
WHERE unidades <= 0;
END$$

DROP PROCEDURE IF EXISTS `SP_PRODUCTO_MAS_COSTOSO_MENOS`$$
CREATE DEFINER=`root`@`localhost` PROCEDURE `SP_PRODUCTO_MAS_COSTOSO_MENOS` ()   BEGIN

SELECT * FROM producto
ORDER BY precio_venta DESC;

END$$

DROP PROCEDURE IF EXISTS `SP_PRODUCTO_MAS_NUEVO_VIEJO`$$
CREATE DEFINER=`root`@`localhost` PROCEDURE `SP_PRODUCTO_MAS_NUEVO_VIEJO` ()   BEGIN

SELECT * FROM producto
ORDER BY idProducto DESC;

END$$

DROP PROCEDURE IF EXISTS `SP_PRODUCTO_MAS_VIEJO_NUEVO`$$
CREATE DEFINER=`root`@`localhost` PROCEDURE `SP_PRODUCTO_MAS_VIEJO_NUEVO` ()   BEGIN 

SELECT * FROM producto
ORDER BY idProducto ASC;

END$$

DROP PROCEDURE IF EXISTS `SP_PRODUCTO_MENOS_COSTOSO_MAS`$$
CREATE DEFINER=`root`@`localhost` PROCEDURE `SP_PRODUCTO_MENOS_COSTOSO_MAS` ()   BEGIN

SELECT * FROM producto
ORDER BY precio_venta ASC;

END$$

DROP PROCEDURE IF EXISTS `SP_PRODUCTO_ORDENALFABETICO`$$
CREATE DEFINER=`root`@`localhost` PROCEDURE `SP_PRODUCTO_ORDENALFABETICO` ()   BEGIN

SELECT * FROM producto
ORDER BY descripcion ASC;

END$$

DELIMITER ;

-- --------------------------------------------------------

--
-- Estructura de tabla para la tabla `categorias`
--

DROP TABLE IF EXISTS `categorias`;
CREATE TABLE `categorias` (
  `idCategorias` int(10) NOT NULL,
  `descripcion_categoria` varchar(200) NOT NULL,
  `Categoria` varchar(100) NOT NULL,
  `imagen` text NOT NULL,
  `fecha` date DEFAULT NULL
) ENGINE=InnoDB DEFAULT CHARSET=utf8 COLLATE=utf8_unicode_ci;

--
-- Volcado de datos para la tabla `categorias`
--

INSERT INTO `categorias` (`idCategorias`, `descripcion_categoria`, `Categoria`, `imagen`, `fecha`) VALUES
(1, 'dededededededed', 'ddddddd', 'sdsdsdsdsdsdsdsd', '0000-00-00'),
(2, 'lalalalololcadbk kbdv', 'Sacapuntas', 'data:image/png;base64,iVBORw0KGgoAAAANSUhEUgAAAOEAAADhCAMAAAAJbSJIAAABRFBMVEX///8AAADPnnbm6e203X/ToGzM0dn813Cqsr3/gm5p1vTu8fXcp3GpqanP1Nyg1GjU19pTVFWtsbhhY2e65IPXpHstIhqZvGxBTy4oKChcXV+gelt9X0eOjo7MzMywsLB4foVQRCP/33TQsVyQe0BedEPJzM+Um6W+wMN8foBt3/4yMzMQISZ/YUFFRUVtbnCBn1sNEAlPYTicnJykynQ+Pj4dHR25ubnh4eGPsGVfwt1AgpS+YVLqd2XT09N1kFNqgksbIROMa1C2i2gpMx03RCchISE5dYV7gYmTk5M7HhpmNCyjU0YXHBBbcEBJWjRdRzVefD0eFxGJkJkNGx8jR1FOnrRWr8csWmaLRzxYLSYyGRZFjaHccF9COB0tJxQcOUGAQTc5KyBymEqZymMpNxuCrFWn3m1khUGNu1xkTDmrg2FaH6LhAAAPv0lEQVR4nO2d6XsaORLGjWEzjllsE9rBN9nDNsRZLgOGzMQndpyZ8REnk8zM3s7hbPz/f1+gq9RSd0nqhj7oPLxfZuzgRj9KqipJJTE1NdFEE7lVIeNR7ahb7FW1hEdtRN1ir1qeEE4Ix14Twm+GsLSu06tmvAnbaa0q8SZcSOqUzk0Ix1QTwm+GkPQ0Y0/YLu71pX4REO5S04iFsSbcL2GIbipfp4r4W2NMuFHmGqpEjClhSWxpWfHSeBKW7U1VIMaRME00Wt5R40i4TjVWasV4E7ayOS0izi0ojWu0QMLs9szMzLauo8Yx4gPhk5mBdIhxzNpEQg6R7KjfAKEG8VsgVHfUb4JQiUh6mtgRqjoqEGb2CpzaOsL2xsZGdBsYBKECkYz4W2rC3ZbZITQTs8BEEco7qmfC/QVrM6ecHh9CqRU9EwpJ4VkkiDShDNEzoSjVxCxsQklHHZEwsTtGhDTiqIS1CPqplJDsqEBY4ZWj4r9IWGtGaEQ5IYXoOeKbnaD3LHSpY0VIdFTPWdtA/YnZeWRGVBE6EYciXBk8KzIjKgkdHXUowu3Bo55EZUQ1oR1xGMIsPOrM/LEVtjvVEM6ssJYWpjhP44FwG54UlRGVhG+ynL/IWoR7RUJtmjDLnnYWzUhUEFZs8T09xGqiZcLIjCgjFMxnKuOFEPbxwZGaakViRHr2ZDffQE0vhPgBbXOPjcaIBCFhPlNt14TpIvwyK3xyYMRw3amD8EnL0faXb/Gzd02I2z3bAmEkRhQJCfP98m726Uvzf5tuCSUmnJlZjsCIHCEx+p69fP50dnb2PfzY3oGGrziVXdCaMBojAuG5zHyzAz2DhsEsKKnet5CaMBJ3CoTls4RNb03zDcS6KTRQk7VJTRiJEcn9w75+ZXxcN024IWQmXHEARmFEKWHiOUf49JkXQioWRmdEJ+GP8N/vOSM+/d49oWIUckYMz53aCG9+e/HwJ/N/n3E2nH0uvEo5t0jjogxlwggm+wLh7z887OkH+Ok9303/w7+uuMVLYsLyNi0wYmjLbq+sdvfMZ+rv5s+8r3n6D0dvZhIR047qFYnCMmJbMJ+pn+F3z6XdVE7ITKhXSIRYMPSTBfjwBTRB8DW/uiRckb7OrkJIhBl4vxccIviaBB8S38WWMAnv9zNHSPkaeTcdd8IpWG/4kSN8eGP+7hdX3XTsCTfgDf/JEVK+huumZV7NBYrwX3+S698hE05Bs/+r8TWzFmFSvm+BhH/5s1x/DZsQgz7fTYm8huumiqyNEX4nVfiEGBK5iEj6mvexJcSQ+DtvRCKvmX0bW0IqJBK+BufBMSRMQ8P5kEj5muexJZyCBWohJIKvecv10lmcYGwtEBprQsyW+ZBI+BrbPNimrXEmnII5228aX6OYYIw7IRUSKV/zzI4VG0IqJBK+JsaEU7CYLYREZ14TZ0IqJDp9TZwJqZCIvsaaQyHhDqHWmBOSIdHha5BQsW8xvoRUSHT4GiSMX07TF+ys8bNEh6+JNyEVEtHXvPsmCBeAhg+J9rwm3oRkSLT5mpgTUiHR5mtiTkiGRNHXxJyQXDgV85q4E1ILpw8TvK+JOyEZEgVfE3tCCIk3PKHga2JPSIZE3tfEnpDaSxTyGn8Iv4uEsF3yfGGgD8qGd2JvNwI8kzGkeoXIAMM6ztbWNyQ4lcIgLOnbEaDCIIzCyVgKw9tECtg/AhAW4R9D1t/CJ/xDqJoQTggnhBPCCeGEcEI4IZwQTghpwjHMvNPF3RweWixXXhX2RyKMSHLC5C5xXnenVPB+q1a0M+CipFX7FemfNEsebTmOqxhJ2XFrUGvdiyUjXYlaJ5skPzRoqSyzPqGM/nFBiVxNbDf1f9iXhzvgCsFiyLVCrQjvuf9794ztkvMYfvBaIdsn9qilg2qjkUqlGvnqweap0ymWPXpW+LOTxelgtHhtvoFiV4ZfgL/qpAzDSJky+mpUL7s2RnokywQFGfeBEcJ5I/mdmNyAqecZnaXer/KHnwTEHS+xA2LQamCE0Cjphsw+a/dFx4mHlKl8XWD0cFoTvPRaUIQn0CTZ+6fZQKunpIAm5CE/JrOuCWGUXwdFuAr9Svb+7OTbppIPGDnEZbcOB+oxbgMiXDw2n1+RvD07YntoARo2cYwNvq+6jBuQ3twEAzi9+NV8vsz9YWsvDctSncNPFzVUt17le6+RP7IQ3e3T4Tg4CYjw1ny8ZD6BgeKUBQihJ+IIzXMGTl1yg9HVhjIUK9wHRPjYfLzEvWPW0cD2Vy+cgP0+zA/HqsfBCEP9OKCBCOEwSb43hsIDsJFBGBCMzCM2uBTAxWCEmVRA4QKCheRSDJgwdbHplwmpuileV9Y/6BOcYMPFvfl0ujwBT5WDCY0DOWAvXRUCB/dSMpfnheEiEMBpZbCAD7cGzc6rAK2ubCJ2rH840wxGCBe1QADVwQIyxjqYcAmb3Mq00S7JPWvqL4b/xpHFqB6MGC6CIVTOLKB9kI4yE9pyTqwRdWQ9XPRXD0ZYuwsmXEA4JIMF1iibocLABjs+DVxzuRABhcGoTFOhGxwHQggdhBwpaBzopPATMWRxCSBvR+QG47JiQhXk7EIZLKDhp2InpSInZCWH9uRciIzyngphN5BwAcGC/oYXcKVmSoqZCvlSuDWoTkw/+FQ8I4kb0FluAiDEmcWKivBQICSzaWjiFUEoBtFcoU1Q4oBfHEk04ZqqA5GE5EsVhMJg7Ku27DhHiEuVj4fT7e3t9drx6gmFicGCjldkLyWdYkbeS22DMVDdXB+fTNsolctQ4ACWRE9DvRJmBw5Pg9oMCbGvAaVFCL+lZxbQ9y6g3fBaYo0JA6J0pcrohGXGgW6PT9CS6mUoTLyhlafwozN24jhqSAD78+LqUZiMidtVkxGWoVo0IcvaUvxAdCRA7D440tEwRqNTD3fTcK3fWZXBgmVTOLyO8G9LnBnbGbb7YE9pHJBhDse+1k4wWLySEEIgP0rZjNjLwfBOqh3rd7QnJQh3qWtKhtfWVjGzW6qQNwuuqZeh7B7EqFMPQdnzbjlhRntFvleZZ9cXCuuyTUDpngVYiK20nUoe0FdeZ8IACS3QZLGyQzROusyAi4kdPaIekCPstWSrWCxuJenvUxmNMll0FgnIAFm8OGLNl6xFdRt6QEZYSBeypntqZTP+M/Yo2xnRkIpTMvhpsCVvI0+Y8eLABZ9FmBP2fgPps+l0USiskG+FYdafqFqr+vlNAbJ7VVVvSjkIbcouhMCYk45EVoLBZWRGqsEpRWyaeiJMLOu/YWU4xgJ34fuOdMGPvUi+PepW0ohfo77O0A/GJF8jI4sY1hZwdVREeU5TDix+bHGJgKxUwapT0GwCeyRcuuKG825QiEnejLLMxqpmq1VdjzkNYe3Dx/m7+Y9f8OdWQP00Kd6jLHOp3BWvFwfuHYuCcKmH19fdR5w3BmjE9EJTiyh8KV39IN9w7nS7EhJ+mmf6eIEjMUhZ3VDWUe1pUPd0aRgdwZ9/tgjvPsDvsoHKarqsuNDXMrtPd/Mcop9PdiNZXGy7vdjdhV4LhMopWRDSzjNG14d5nvC1b891KVkaXnRZYepCX+4iJZQ4G3mJt3fVBcJP+j/wVXSRT1v1pUuedfGRI/zo55NdiF512xBec1TfrHbywwidCudq0NHUHgWpN6zx9CAUAA8bKbGWbZic5gMi3mHelpsLUNa3Yi6TjtSaXSSORkpMubz0yyBtu5tnbubR3IOANDfHJdYkIHcy4nC0yQU/t+i+/vy/z6/ZIng2OMCiFcmX6f0Z9oKui+U014Q2FYMinNu2thJ2aEA2vTodcXaoInwTEODcA25e1KSTGTYI+W0XWQHtsISlYADnHrzh3iRH8lkbZ1bVmmE0Opt1psuDvFvjygjPAwGcm3vEL5rK9mawUqZmNbOzZG9h98AdI014Fogb7fEJcwXpiSz8FNDJGA1yXb/maiEOCbdfWd8LePZmzn/AfggU0ugm7WOmrFiPS978BpsofSU/R9j7gM+zzWYze/7If74eXvFcPFEl66FTLN+uNXSA/YU4D4QPWLoRAN4b21S2uSAHxDV92AS2V8Z4tSJH6L/MzyvzxDHJk21wC34GTNhQ78NrxyLXS31Wj7CYOa84vvazL2XhJyxALTm2gCuZDdBeiU2sahpARljO+aqVbHlHcZJReVUifCawnN/Av8mJizlseUO9x9aLo444E4aUx+jgNVBBiycRHJNkXFTuKvmqoRYNJW7WVKWzIMzYxApaYg6JVlSUm1RDraW5+Xq/CNVQZ6qTAuBoPomdlLI6JAaybhpu/7z5utqvFVKWzoJgGdisk8FQcUa9ElzSJU2oCqN+63oN6vbUpbMgqKncFKovyZMZMBIlZV+hlELVHl+vDUpMXZXOioSjVdDaeuhObr1Q3JAIXnO86lX3Jyf2MmF16axIKFbQktOsgpTQyHOH3XQXS4A38udUNxzKk5/gdrQbUzbqlZC/OhM3YQhq773Bcxe+EMKbKj9TGF1YLpSQmh3zV+dOPzcEZXNsTr6eu1AYhAlX2SAeQsQmzmbgDqqtgtbgi8TcXFzk5zE9KJ0lXb8laJwZyNmxgrIdERerTkUTCkeClcMBBZ3msQ+EroIFW6Q5ELtpoiV01AW2wSpOLvghKJ9jC8IyutEBp3WlsyAwTtd5wDK3DipZMxbRhPyijOwovEPweh9OdeMJbs0l7BigMN9UlZeKo1CIgu5vkMBLQHwg1F73YQqmXVjf3EgoxDtS70PQlH+XgGiv+wBhDUYeLSMH5LNufgjueLnj3b9T3brrPlAYL3CISRYTEzYvM8wQHMi/cKG77oMJl/0tC5HnuetcibDwKXi8vs+3S0B0131YYtsWbN/JSB3YJ+ubDUkPVa8gEMI+M7IzxbzbxW1HbHfRojCMVKfK1GmIl5twBnSkBlqlYVlrdFcDrtTFjQ6sDPpIqFWnt56MBj8V9DYETa34002xk0qOrImyLjLTbZDaLhka6gZNrC4b1YhgQnffZGFV7alWCw3RfonWcHdisi4zPQoijkK3n7K1DXAqMWP/SjNxrUleGq8Rfp43I1zfhhdFSAoTCHHlQs7rzAY3tl3Z1gqH/0oeZsSbYTvq4gla0H26mOYroroHed7NdKp1x0pvZZSvqrEKBK/vhznRfbLGHqCZGwqy7VcdXV0eHm7WWUWsIE+30RHiagsSt2sedX3D/bWn2w1dX6jq4fJLidJ+FUF6bIm72y/LfnyBS9qfMkHPviCtr7+sjNg/2Vv5UY/sYc7GtL+iemLWz680G7keOetu2cSh9jq9E7lT2RvyidJ3GqlidyRnsGE7altbWfebzlR7d1iPUxqmg9revFjI9FTY2/B+j7cnbQzex4sKxYCbNNFEYer/pZk+k1RL3kMAAAAASUVORK5CYII=', '2023-04-02'),
(3, 'labvadbvdlbvlelvel', 'Lapiz Rojo', 'data:image/png;base64,iVBORw0KGgoAAAANSUhEUgAAAOEAAADhCAMAAAAJbSJIAAABRFBMVEX///8AAADPnnbm6e203X/ToGzM0dn813Cqsr3/gm5p1vTu8fXcp3GpqanP1Nyg1GjU19pTVFWtsbhhY2e65IPXpHstIhqZvGxBTy4oKChcXV+gelt9X0eOjo7MzMywsLB4foVQRCP/33TQsVyQe0BedEPJzM+Um6W+wMN8foBt3/4yMzMQISZ/YUFFRUVtbnCBn1sNEAlPYTicnJykynQ+Pj4dHR25ubnh4eGPsGVfwt1AgpS+YVLqd2XT09N1kFNqgksbIROMa1C2i2gpMx03RCchISE5dYV7gYmTk5M7HhpmNCyjU0YXHBBbcEBJWjRdRzVefD0eFxGJkJkNGx8jR1FOnrRWr8csWmaLRzxYLSYyGRZFjaHccF9COB0tJxQcOUGAQTc5KyBymEqZymMpNxuCrFWn3m1khUGNu1xkTDmrg2FaH6LhAAAPv0lEQVR4nO2d6XsaORLGjWEzjllsE9rBN9nDNsRZLgOGzMQndpyZ8REnk8zM3s7hbPz/f1+gq9RSd0nqhj7oPLxfZuzgRj9KqipJJTE1NdFEE7lVIeNR7ahb7FW1hEdtRN1ir1qeEE4Ix14Twm+GsLSu06tmvAnbaa0q8SZcSOqUzk0Ix1QTwm+GkPQ0Y0/YLu71pX4REO5S04iFsSbcL2GIbipfp4r4W2NMuFHmGqpEjClhSWxpWfHSeBKW7U1VIMaRME00Wt5R40i4TjVWasV4E7ayOS0izi0ojWu0QMLs9szMzLauo8Yx4gPhk5mBdIhxzNpEQg6R7KjfAKEG8VsgVHfUb4JQiUh6mtgRqjoqEGb2CpzaOsL2xsZGdBsYBKECkYz4W2rC3ZbZITQTs8BEEco7qmfC/QVrM6ecHh9CqRU9EwpJ4VkkiDShDNEzoSjVxCxsQklHHZEwsTtGhDTiqIS1CPqplJDsqEBY4ZWj4r9IWGtGaEQ5IYXoOeKbnaD3LHSpY0VIdFTPWdtA/YnZeWRGVBE6EYciXBk8KzIjKgkdHXUowu3Bo55EZUQ1oR1xGMIsPOrM/LEVtjvVEM6ssJYWpjhP44FwG54UlRGVhG+ynL/IWoR7RUJtmjDLnnYWzUhUEFZs8T09xGqiZcLIjCgjFMxnKuOFEPbxwZGaakViRHr2ZDffQE0vhPgBbXOPjcaIBCFhPlNt14TpIvwyK3xyYMRw3amD8EnL0faXb/Gzd02I2z3bAmEkRhQJCfP98m726Uvzf5tuCSUmnJlZjsCIHCEx+p69fP50dnb2PfzY3oGGrziVXdCaMBojAuG5zHyzAz2DhsEsKKnet5CaMBJ3CoTls4RNb03zDcS6KTRQk7VJTRiJEcn9w75+ZXxcN024IWQmXHEARmFEKWHiOUf49JkXQioWRmdEJ+GP8N/vOSM+/d49oWIUckYMz53aCG9+e/HwJ/N/n3E2nH0uvEo5t0jjogxlwggm+wLh7z887OkH+Ok9303/w7+uuMVLYsLyNi0wYmjLbq+sdvfMZ+rv5s+8r3n6D0dvZhIR047qFYnCMmJbMJ+pn+F3z6XdVE7ITKhXSIRYMPSTBfjwBTRB8DW/uiRckb7OrkJIhBl4vxccIviaBB8S38WWMAnv9zNHSPkaeTcdd8IpWG/4kSN8eGP+7hdX3XTsCTfgDf/JEVK+huumZV7NBYrwX3+S698hE05Bs/+r8TWzFmFSvm+BhH/5s1x/DZsQgz7fTYm8huumiqyNEX4nVfiEGBK5iEj6mvexJcSQ+DtvRCKvmX0bW0IqJBK+BufBMSRMQ8P5kEj5muexJZyCBWohJIKvecv10lmcYGwtEBprQsyW+ZBI+BrbPNimrXEmnII5228aX6OYYIw7IRUSKV/zzI4VG0IqJBK+JsaEU7CYLYREZ14TZ0IqJDp9TZwJqZCIvsaaQyHhDqHWmBOSIdHha5BQsW8xvoRUSHT4GiSMX07TF+ys8bNEh6+JNyEVEtHXvPsmCBeAhg+J9rwm3oRkSLT5mpgTUiHR5mtiTkiGRNHXxJyQXDgV85q4E1ILpw8TvK+JOyEZEgVfE3tCCIk3PKHga2JPSIZE3tfEnpDaSxTyGn8Iv4uEsF3yfGGgD8qGd2JvNwI8kzGkeoXIAMM6ztbWNyQ4lcIgLOnbEaDCIIzCyVgKw9tECtg/AhAW4R9D1t/CJ/xDqJoQTggnhBPCCeGEcEI4IZwQTghpwjHMvNPF3RweWixXXhX2RyKMSHLC5C5xXnenVPB+q1a0M+CipFX7FemfNEsebTmOqxhJ2XFrUGvdiyUjXYlaJ5skPzRoqSyzPqGM/nFBiVxNbDf1f9iXhzvgCsFiyLVCrQjvuf9794ztkvMYfvBaIdsn9qilg2qjkUqlGvnqweap0ymWPXpW+LOTxelgtHhtvoFiV4ZfgL/qpAzDSJky+mpUL7s2RnokywQFGfeBEcJ5I/mdmNyAqecZnaXer/KHnwTEHS+xA2LQamCE0Cjphsw+a/dFx4mHlKl8XWD0cFoTvPRaUIQn0CTZ+6fZQKunpIAm5CE/JrOuCWGUXwdFuAr9Svb+7OTbppIPGDnEZbcOB+oxbgMiXDw2n1+RvD07YntoARo2cYwNvq+6jBuQ3twEAzi9+NV8vsz9YWsvDctSncNPFzVUt17le6+RP7IQ3e3T4Tg4CYjw1ny8ZD6BgeKUBQihJ+IIzXMGTl1yg9HVhjIUK9wHRPjYfLzEvWPW0cD2Vy+cgP0+zA/HqsfBCEP9OKCBCOEwSb43hsIDsJFBGBCMzCM2uBTAxWCEmVRA4QKCheRSDJgwdbHplwmpuileV9Y/6BOcYMPFvfl0ujwBT5WDCY0DOWAvXRUCB/dSMpfnheEiEMBpZbCAD7cGzc6rAK2ubCJ2rH840wxGCBe1QADVwQIyxjqYcAmb3Mq00S7JPWvqL4b/xpHFqB6MGC6CIVTOLKB9kI4yE9pyTqwRdWQ9XPRXD0ZYuwsmXEA4JIMF1iibocLABjs+DVxzuRABhcGoTFOhGxwHQggdhBwpaBzopPATMWRxCSBvR+QG47JiQhXk7EIZLKDhp2InpSInZCWH9uRciIzyngphN5BwAcGC/oYXcKVmSoqZCvlSuDWoTkw/+FQ8I4kb0FluAiDEmcWKivBQICSzaWjiFUEoBtFcoU1Q4oBfHEk04ZqqA5GE5EsVhMJg7Ku27DhHiEuVj4fT7e3t9drx6gmFicGCjldkLyWdYkbeS22DMVDdXB+fTNsolctQ4ACWRE9DvRJmBw5Pg9oMCbGvAaVFCL+lZxbQ9y6g3fBaYo0JA6J0pcrohGXGgW6PT9CS6mUoTLyhlafwozN24jhqSAD78+LqUZiMidtVkxGWoVo0IcvaUvxAdCRA7D440tEwRqNTD3fTcK3fWZXBgmVTOLyO8G9LnBnbGbb7YE9pHJBhDse+1k4wWLySEEIgP0rZjNjLwfBOqh3rd7QnJQh3qWtKhtfWVjGzW6qQNwuuqZeh7B7EqFMPQdnzbjlhRntFvleZZ9cXCuuyTUDpngVYiK20nUoe0FdeZ8IACS3QZLGyQzROusyAi4kdPaIekCPstWSrWCxuJenvUxmNMll0FgnIAFm8OGLNl6xFdRt6QEZYSBeypntqZTP+M/Yo2xnRkIpTMvhpsCVvI0+Y8eLABZ9FmBP2fgPps+l0USiskG+FYdafqFqr+vlNAbJ7VVVvSjkIbcouhMCYk45EVoLBZWRGqsEpRWyaeiJMLOu/YWU4xgJ34fuOdMGPvUi+PepW0ohfo77O0A/GJF8jI4sY1hZwdVREeU5TDix+bHGJgKxUwapT0GwCeyRcuuKG825QiEnejLLMxqpmq1VdjzkNYe3Dx/m7+Y9f8OdWQP00Kd6jLHOp3BWvFwfuHYuCcKmH19fdR5w3BmjE9EJTiyh8KV39IN9w7nS7EhJ+mmf6eIEjMUhZ3VDWUe1pUPd0aRgdwZ9/tgjvPsDvsoHKarqsuNDXMrtPd/Mcop9PdiNZXGy7vdjdhV4LhMopWRDSzjNG14d5nvC1b891KVkaXnRZYepCX+4iJZQ4G3mJt3fVBcJP+j/wVXSRT1v1pUuedfGRI/zo55NdiF512xBec1TfrHbywwidCudq0NHUHgWpN6zx9CAUAA8bKbGWbZic5gMi3mHelpsLUNa3Yi6TjtSaXSSORkpMubz0yyBtu5tnbubR3IOANDfHJdYkIHcy4nC0yQU/t+i+/vy/z6/ZIng2OMCiFcmX6f0Z9oKui+U014Q2FYMinNu2thJ2aEA2vTodcXaoInwTEODcA25e1KSTGTYI+W0XWQHtsISlYADnHrzh3iRH8lkbZ1bVmmE0Opt1psuDvFvjygjPAwGcm3vEL5rK9mawUqZmNbOzZG9h98AdI014Fogb7fEJcwXpiSz8FNDJGA1yXb/maiEOCbdfWd8LePZmzn/AfggU0ugm7WOmrFiPS978BpsofSU/R9j7gM+zzWYze/7If74eXvFcPFEl66FTLN+uNXSA/YU4D4QPWLoRAN4b21S2uSAHxDV92AS2V8Z4tSJH6L/MzyvzxDHJk21wC34GTNhQ78NrxyLXS31Wj7CYOa84vvazL2XhJyxALTm2gCuZDdBeiU2sahpARljO+aqVbHlHcZJReVUifCawnN/Av8mJizlseUO9x9aLo444E4aUx+jgNVBBiycRHJNkXFTuKvmqoRYNJW7WVKWzIMzYxApaYg6JVlSUm1RDraW5+Xq/CNVQZ6qTAuBoPomdlLI6JAaybhpu/7z5utqvFVKWzoJgGdisk8FQcUa9ElzSJU2oCqN+63oN6vbUpbMgqKncFKovyZMZMBIlZV+hlELVHl+vDUpMXZXOioSjVdDaeuhObr1Q3JAIXnO86lX3Jyf2MmF16axIKFbQktOsgpTQyHOH3XQXS4A38udUNxzKk5/gdrQbUzbqlZC/OhM3YQhq773Bcxe+EMKbKj9TGF1YLpSQmh3zV+dOPzcEZXNsTr6eu1AYhAlX2SAeQsQmzmbgDqqtgtbgi8TcXFzk5zE9KJ0lXb8laJwZyNmxgrIdERerTkUTCkeClcMBBZ3msQ+EroIFW6Q5ELtpoiV01AW2wSpOLvghKJ9jC8IyutEBp3WlsyAwTtd5wDK3DipZMxbRhPyijOwovEPweh9OdeMJbs0l7BigMN9UlZeKo1CIgu5vkMBLQHwg1F73YQqmXVjf3EgoxDtS70PQlH+XgGiv+wBhDUYeLSMH5LNufgjueLnj3b9T3brrPlAYL3CISRYTEzYvM8wQHMi/cKG77oMJl/0tC5HnuetcibDwKXi8vs+3S0B0131YYtsWbN/JSB3YJ+ubDUkPVa8gEMI+M7IzxbzbxW1HbHfRojCMVKfK1GmIl5twBnSkBlqlYVlrdFcDrtTFjQ6sDPpIqFWnt56MBj8V9DYETa34002xk0qOrImyLjLTbZDaLhka6gZNrC4b1YhgQnffZGFV7alWCw3RfonWcHdisi4zPQoijkK3n7K1DXAqMWP/SjNxrUleGq8Rfp43I1zfhhdFSAoTCHHlQs7rzAY3tl3Z1gqH/0oeZsSbYTvq4gla0H26mOYroroHed7NdKp1x0pvZZSvqrEKBK/vhznRfbLGHqCZGwqy7VcdXV0eHm7WWUWsIE+30RHiagsSt2sedX3D/bWn2w1dX6jq4fJLidJ+FUF6bIm72y/LfnyBS9qfMkHPviCtr7+sjNg/2Vv5UY/sYc7GtL+iemLWz680G7keOetu2cSh9jq9E7lT2RvyidJ3GqlidyRnsGE7altbWfebzlR7d1iPUxqmg9revFjI9FTY2/B+j7cnbQzex4sKxYCbNNFEYer/pZk+k1RL3kMAAAAASUVORK5CYII=', '2023-05-18'),
(4, 'ojfodvkj dhvo dv kj odphdvldvv', 'Colores', 'data:image/jpeg;base64,/9j/4AAQSkZJRgABAQAAAQABAAD/2wCEAAkGBxMTEhUSEhMVFRUXFxcYGRgXFxcYFxcWFxgXFxUYFxoYHSggGBolGxcaITEhJSkrLi4uFx8zODMtNygtLisBCgoKDg0OGxAQGy0mICUtLy0tLS8tLS0tLS0tLS0tLy0tLS0tLS0tLS0tLS0tLS0tLS0tLS0tLS0tLS0tLS0tLf/AABEIALMBGgMBEQACEQEDEQH/xAAcAAABBQEBAQAAAAAAAAAAAAAAAgMEBQYHAQj/xABHEAACAAMFBAcEBwUGBgMAAAABAgADEQQFEiExBiJBURMyYXGBkaEHQlKxFCNicpLB0RUkM0NEFoKiwuHwU2Nzo7LSNIOT/8QAGwEAAQUBAQAAAAAAAAAAAAAAAAECAwQFBgf/xAA8EQACAQIDBAcHAwQBBAMAAAAAAQIDEQQhMQUSQVETYXGBkaHwIjJCscHR4QYUUiNigvFyFTNDkhaD0v/aAAwDAQACEQMRAD8A7jAAQAEABAAQAEABAAQAEABAAQAEABAAQAEABAAQAMzbUq6mK9TF0qerAr7ffaojsAxIUkZcQMoq/wDU6TdlcI5uw3d16oEUNUNQEntOvrDIbUorJ3Fk8yzk2xG0YRdp4qlU91iD8WACAAgAIACAAgAIACAAgAIACAAgAIACAAgAIACAAgAIACABhZ++U/3pWEbzsOcckx2boYURHqmogBqx7AIEABAAQAEABAAQANmYAKnSGSqRjHeegWKS33wdFjnMbtdp2iFyse0O2ZJjn62PqTeo0RhJ1r5xVdeT1Yh4ytwJh0MVNcRyPBanXQjyi7S2jNIVMtLvvkjJtI28HtV3sx7RoZUwMARoY6OE1OO8hgqHgEABAAQAEABAAQAEABAAQAEABAAQAEABAAlXrDISb1FaFQ8QIAKS12sCf3ED0zivOdpFqnTcoFheNtSXKMxjRaa9+kWEnLQraSzIdxXwk8bhJFKjurQ+sMiyWtG2ZbAwqkm7EJ7DgCAAgASzgUrxNB3wCpN6EOfbqTVl86+J5fn4Ql0JJNWb4jb2/E7IvAhe9jFevUtaK4lrodyKlLjn3EK+rdTdGgjD2rjLf048CuUsvMxyVSbbEsTESkLFK4lgdhCzaGHmOGJ8RRidSEysKRGNDE1OVhyZo9nbZXcPhHYbIxO8txiF7G8AQAEABAAQAEABAAQAEABAAQAEABABHm2kKyqdG0PbDXKzJI03KLa4EiHEZDtDFXy45/rFatNU3dsmgt6NiVLeorD6FeFaO9EiaszybMCirEAdsTpN6DJSUVduxyy89oG6Wgpm5z7OMZUpt1EusbhcfUnWjRVs5Jd1yxtNtNqsciWDRlIxV0OE4aeWcbNSrGjVd9Gvmbe0cA1iJ25prvzKb2d3sZU15T1+qmzJbc6Z09RFPeUc2VpQc4Kx066Z5cMT2etYKLu2yLEU1CyLCJysEAHjNQVMAJXMtft/SpE2WZ00JjJSWDpiIzJPOnHTOKznKTuuBegoxhuPjx+nYN2G9pbzMmBOHEKZ7vVBB0FST307IZHeUXUel7d5ZqYVumpWyvb6ntgt6/SCtM6M+XYMyfTzEUqTk605S+FX+yKdTDVKcXUqO7k7Lqis/mVVrtNWJrHLYmbnJsrDlmmxnTiBLa0ZQl2xrYxMtAhbNjRsWiDcCx41oqIclbIVEWbNh8YgWWz8+kxe8Ru7Lk41EFzbx2IoQAEABAAQAEABAAQAEABAAQAEABABjb62mlWZKTnw5jDxIJNMwMwvCvCIbNqxce4pJlnI2jkoitMcBTQA65kVGndDIVkspEv7GpVf9NX4iTtBIn7spquueEgg4RqRzjP/AFBvUqCusm9eXLxF/Y1qL3qiyZJS8CqMyjHQVpWlfGMHZO01Qrbk/dll2MY6ClNRbt1mNvXasWgqUOHB1hk4oTqDp2R6Jg6tPo6ieqTfgiht/Y2Iw3R1Gt6Ddnwt1swVotBMwdzH0McxQd6kH1lPYUVPaFK/8kWt0bWWdUKs+8gpShqzVpReZjUxScm5I6nE4uDr1L8387F5d9zlb4txNQjpJnL96YM/VXjH2zjJYaEN1Zt+Viph5+ydEuWRhU510i1svEOvByasV8VPeaLKNQqhABkdqtrks8zoyMQA3qHME6Dty+cVMRV3cjZ2fsyVeHSXtyOE+0u/P2jbZUuRmqqEA+25rMr3ZD+7D6GUN58Sjjl0dVwb906Js3apdkkpZs6hQMWufb+Q7Yo4jE53ei9eZHgdrRrVY0HHLSNvr26s2GztnH0adaMiXVqEUOVKkA8tPKEo0pRw1ST1kr+WXkW9pVozqKMdI5GRmWk1rHKONzPZJkWqIpUxjZIa1REqYxyEPOhygOTE/SIXcEueGdBuijUyfD1AS5cbNZzU7xGxs2H9SPaC1OgR1w8IACAAgAIACAAgAIACAAgAIACAAgA5d7Wdl8QNqlioIo478q9x0gA5Nd94Oj9E5Jy3STqoyw94jOxlG3trvOw/Tu0FNftamqzi/oW8u9ZktxMRiGGjDU9/YeUSUascRSdCok8vFfg6DEYaFs1eL19fI6tszfSzkDDiK05cGHg3oRHnm0MJLD1HF8Hb7eKOSxuEdJ2Mftddps9qBUUluCy0yAyOJcuR9DHT7M2hLE4Nxk/ajk/ozSeMjU2TXcvejFp+GT9cigs7gWkV0CEnyMXFkkeWUas6K6WGsWmu5ox9yKXnSAMy0xPNnX9Y2a1906CpKUnKS1zffqfTdpCGYJijNpaVPMCpUeFT5xyP6hqqdWlHqv4/6LOBnv0VPnn5Fxd9MGXMxv7Ihu4VPnmQ1n7ZX3vexltgWmQqeeekPxeM6J2RawuEVSO9IhTtqVlyJsyZhxJSgHvFur6wYfGqcXfVE3/TXOrCENH5W1OHbX36aNMJqzE07WMRQi6s7eJ02JqxwGGutdF2/jUrNgbDQNanFSSVl14n3jE+Lrbq3EeZbQxD9xavU1bS5swiXJznTmEtOx3BJY8gqBmPcOcVI0N/di+Ob7F93ZeJr7HwiwuGeNn70sofWX0XVc7Xctyy7NZZdkl1KJLwVOpyoSe85xruN4tMiOWXmpluyHVSR5GOJlScJuL4BvEaXaqQ107jJMfFrhnRkLYpbbzMI6QsZnptghOiZJvIbNqzh3RiXE/SYcqYxzNjsImOYW4KPU6RubLp3nfkPhnmbkOOYjfH78eYqAcEABAAQAEABAAQAEABAAQAEABAA3aJKupRhVWBBHYYAPnj2l7JtZZxK1wk4kbkeH6GEaTVmOhOUJKUXZrQobBahMWhyIyI5NGPVpyo1LruPS9m4+GOw+89dJLk/WhebNXw1nfnhOIDmNHXxHqIrbTw0cVTVRccn1Ph5+RXxWGUm6cvH5M6NtXMlzbFj61CjIfvED5ExyuzFOni93S90+78nFbRlOhQqx0ut1+JyO9bXgeYR8BXzWO6wtHpb9Sv5o5XDx3kl1lLc3/yJVMsJxDsKhmHqBGmlepFHWbIp9LjacXz+SbPoq55xeUj/GARXgDoPKPOdr1L4+avlF2XcSrCrCp0E77rfzf+ix2NvITkmEGoxlh91sh/4x3eDh0dGMOSRn11nco9ppv7xM8PkIxNqv2364G/s+P9CPf82c62wvTFOMtTurr2vSnoMvOH0Ybkc9Wb+Ao2hvvu7Pz8jn1pDWu0iUp3V1PIDrN+UatO1GlvPVnG/qDaKnVdvdjkut8fXI3tlRVUBRRFGFR2cPEmK2GovEVc9NW+S4nObI2dPaWLUHprJ8lx8dEdI9mtw0rbJgzoySuwEgzXHewCg8k7Yv0bTk6q0eS6orJeOvedNtjERqVujp5Qhku430TmSc09pl2GW4tCjdfJuxwPzA9DGDtLDbtTpFo9e0r1nu5nPvpdIpdEVHWFfTO2E6IidYS1uhVSHRqAl5DnA6DLlKVybLtSniPGIZU2uBb6K48Owg92fyhmmoqwFSWaR0rZ6QlnkKHmIpbearrqRkNeAjdwsqVCkt6au89UVpYPE1JWhB2JUy+5C/zK/dVj60AhZ7Uw0fiv2JlinsPGS1SXeRpm1kldMXiQv6xA9sQ+CLfkXYbBnH36luwZ/tuDkgBPYGc+kKtpV5+7D6kv7KhT96Yl7/tb9STMpzKhB/ipCupjJkbqYKnxuFy3u81mR5iyyDShzJ7iMj5wmHjLpPakZ8tq4SdRwjwNspHOsbgJp6HsAoQAEABAAQAEABAAQAU21dxLbJDSyBizKk8Dy7jAB80X1YXsk84gcjRhzAyr3iIa1JVI24mhszHywddTXuvJrq/BLV8QDKcxmDzEZUXuNxlo8meizUcTSUoO/FPmjR3ZfWKzGzGpo4ZexeKnuNPWM6WD3cUqq5WfbzOL/VNNPCdOuLUX23+plb6FemamQdFr2mtB5A+UbWFk41Ek9U/A53Y9Km8JXlPVblu3e9XIOzSFrTQcBTxYgCL1SqqT33wN39Pbqxe8+EWz6JFmboujl5MJZC/eCEL6x5phoPFYxL+UvrdjK9TKU2ZL2JXrUJLJ1QrTtSh+VY9M+Izpe1TT5E7ba39FMnzOIIC9rkCnlQnwjFxNNVK7vojpNm09+jCPP5XzOM3zbMCE13mqBzqdTE+Hp9JPPQ1Nr4xYXDWj70sl9X3InbK3Z0aVPXfNuxeC/nCYqr0krLRHkuMrdLPdWi+Zsbksqzp6IzBUBqzE5AD/AHlGpKl+1wu48pVNepcfBebPQ8HhVsXZkpy/7k9e16Lu+dzsVjviyACWk6UAoAC4gKAZAUMMhVpaRaOR/cU285ZlmjgioII5jOJiRSTzRHvKwpPltKmCqsKH8iOREMqU4zi4y0ElFSVmcF2z2TtNiYsVZ5OomqCRT7dOoe/KMuWFlB2MuphqkXlmjKpeKnRh5iGvDtcCtKlNcCZd69M2EOi5VJY8ONBxiOpB01ezLOGwdSq7XS7S5WRZJVA7Ga54DkNSFU5DtJis+mmm45I38PhMNStvPefrgSbPflk/k2d3yqCsrkK6toKcTl2xXeAxc37Ul4/b5amusZgaOiS7kvnYmpe81gCllcYuqGaWpbMgkDFoKammRHMQ5bHlrKaGvbeHWifkKW0TdXyUlQDJEuZUt7oLulGGhGmueUWY7IpJ+1NEM9tS+GI9jl0JYTHoab06gxEdUrLSoNaAmuEV1MXaezsNHrKc9pYqXNdzJq2yVKLAXfKJSm8zzZutcPWTqkimPhyyMW44ajHSHkU51cRPVv5fVFl/am0KDhsstAtA1FbdY1wjhVDlv5EV6uRiazWkfkQSpTfDxa+5Gt+0FtKuDLRAtA1Faqlq01bNNN7I65ZQ2W+8t1+RFPC1JJrL/wBvwV1ktVqlM1JSVBAJK1oWNFJ381J8vCIY4dp3Uc+1ENPZkabbVvF9/wAJey9o7dkMMsEsVpQA4lGIqdc8OYPHlFpRnyRdVC3FeD7h2VtHa2FcSncLgLlVcwaZVqp4V1pzh27PqHqHJ+X5Fm/rV8QYdH0gIPWTiRQDeFR2ZjKDckuIqj1mm2ftsxyVmMGoqsCBSobQ+h8oWzWoti7gAIACAAgAIACADnftW2UE+UbQg3gN+nLg35GADhFkmmU5ktpU4ew8RFLFUb+2u86fYG03Tf7eby+Ht5d5oboG+WHL1rGc+TGfrSSWFi4/FLNdaRDvG0Usk0DWZbE/DLlTW+bLE2HhfGRfKD82l9GcpglbD36/oK9lkgTLYQeLJ5IS35CE25V6PDN9T88ixQlUji6bh/dfscWvqd/sVpVZ0tW1clV78LN8hHMfpylv4y/JN/T6mrWpylSk1wzfZexx2wW0XdfMySd1VtdR/wBOcflhf0jvZLO5n05ey4smbe3ss60zcBqiu1DzOhPdlTwjMrW3nbmdrsmi6dCLnrbw9anO7Gn0ifjOctDRftHh65+UTS/o0t3izjNvbS6eq3F5aLs595s0GFacTmYk2Zhukqb8tI/P1mP/AEnsn9xX/c1F7MNOuX417bGu2XsgWXVgCXzoaGgGmsX6k+lqufLJd2r738ka36hxnS4joovKPz4l41jQjOWv4RDXCL1Rg5Mp7VZEQ1lgyzzlkof8JER9BBaK3ZkM/b0m77qFWW8rVoLVNp9ohvUisNdJ8Gxs8LF6Nrv+4Wu75s8UmTywPMGh7xWkRywrfxMpT2fvfHLx/BATYGQdQnhLT8xCLCv+TGrAW/8AJPxLGx7C2cEZHUaBB6hYesMuLfiSrCQWt32ts0M24pK9WzqOGbU+QMSRw1JcC4oQXBeBT3hZytrsypLl5h1mLvNuspaWTkPeltTsxRIqVOOSS8CRStp9hj6GwlZLL+qtglpuE1UzQpGuYCTGFPsdkSJIHUfN+Iq3WGiW+mGiAMpCAETTKVgozyOPoyBzftgsrA6nq5JtcjCbVjY4foyM4AUDGRMWmQ6xAUU+7CviN3lkRbeoWomOMS2Rlm7w3psygRBzYsr5fbHOBtZgnoNXha5CierTkJEhJRGMnFNbHhStaYt9fxiEbWYJjd53zY1NorapBPQJJp0g+smnpNM8wOkWp0GI8jA5IFciXjtHYD0qi1SjWXLkggsakli7/dUNrzqNYTeQlzw7X2LpMSszA2gzaLKeoRJQRRp1mIrTkc6QbwqTehHsu2cpMLiVPYpIm0GAgF500TKVPuqQBXjWDPkPVKo81F89HoMHbIqFSXZZpMuR0KliBV6LjYgcAEWg7TCNvkSLC1r23X4d5r9lNs5YH1kt1JVVCihoqjcqSRVmJJ9M4Riywskl/rU08ratGNAjUzzPZSunLjyhpE6VtWi+lTMQrARC4ACAAgAIAGrQAVIKlgQQQKZg6jOAD5m222ZmGe5lBcOI4auMQAzFa8QCITIVX1QXLYLQqnEmZHBlNe3WM+ph3veysibbWInjKFKKzavfys+8qrbcNvZAokPTpGegK6kBa5HkIs0qShPe42S+pHBQhh4wWt3fyNj7LNn3sxM+erI5Z0wn4aSyrZZa4h4Ri7dpYiuujpwbWTv155fIt4WVFRvL3r+Tt9TTbUTZ8x5Zs4YFCzYgwWjHIUJPKGfp7Azw+/KqrNpJfM2sJiMJ0VSNWaW8reu8w19bKW42wz5lJ5wq2NZitV9BqQSRrpyjeqOW5ZGDsqNNVE8TJWWfaQryuK2MhVJWZyJLoKDjq2sVqNK0ryOi2ltak6Dp0JXbyb6uI9ddxzJAAKqKfbTrHic4bVjKcrs4KvQq1ZEtWAIxutScxiqdaECnHhGnSqxpUNynrbzPQMHtbA4LCxoUr5Llx5vPmb6/JlpdsCu0nCAClEC6ZUFSdO0aaQQWWhzlHEKN3OKfW1mZ+dKtUvqzK07WHyaH2XIt/vKMvepx8CMbztVcyT30PzWEuuXmG9g3rTt2NkuzXjOGssHwH6iDLrGOODem8u/8FrIviaP5PofyaC69L8kTo4Z6TfgiQt/Th/Tr+KYP8hhGyN4alwqeQf2qnAj90HhMP5oIa5vhbzG/tV/Nef2EW/aa3PXo5ctB2zdPwySfWHd68/sSxwSes15/YzaLemJXM5MYJYtgdy0xlCYziYAELVQAAAGOWcL7H8vJlmOAw3xVl/6v7jIuy30QNarRRGZxgloAHfFifTNjjbM/EYXepcXLwZYjgtnca3yX0Y9K2dmEUmWm29fHTeAL1riOHU148KDlCb9Hm/B/Ye8Ls9e7K/8AlYiWrZ1hiaZMnutcb0mOGJUDCd9jiphGoByFNIVqHD142KlT9rBK1u7eb83YYGzqsQFUt0hDoxYlXoAQK4TvUpnXQdkO3eorzxFDPdXZ7K/L8x2RsuCVIlJV3dFDClJqg4pTUIp1Go3ZpnBukbxcL5Rfj9rEiz7MoQCiJnKaagwqCyrQTUbLKYKgVFOt3wWQxYpJq0I9+fc/VywW4Ja10IAktyxSppwroBRlYE1GtBzhbcBv7udskllyXrv1J0q4UxBDqZsyUWBauISzMSbrTFhAB4GsDzB4yu3fe5eu0XLu2XgWYEUEypM0CgIDM4R0GKu64OnOphm5HlyGSxNZ6yfH13irRd0tVcADdFqANF0lEGUdNUchRzrSDdXIZvyvmyWLOgcggBelIYaASzZsVpGVN0TMJ7Gyh1khl29fXpEi6ZoZ5YLAzMMgsBQt0iq/S1AzqUKg9pENbFSOg3fKZUXFTFQA00FNBEY4kwAEABAAQAEAHJdp7mEzpXAFUYkjIYlqagHgdD2ivIwy12SU3mYGz2KgGQJDFQQpXFShwICdw9jZHUawyTsyKpNxaRGGFVbclhVahJxCXJap3ZtCXRuG7UHhyiRXHZWNDdV0CaquUKtQcqNnqAKhwRQgg8Yz8Ri3SnuJLs4vs/JNGinG9/x2iZtgRGdQAaDeNa9GDQ4nBpgXkc+ESUq7qK7X47SfD4WnVbTlZprLmmuGWv0IU5UwiiywhJo7Fik0n3UOrHsIHbSJN5iywkE3a9l2XXW+FhCTWZ2AlKrAfwyKPIBAHSTN7CFy0G9nDpKxnylYeMvFQYVpQkGlA9a4pgJqZYFfe3mplEcVfMvYPDqtFuXl9Fxv5asjPZlV/eqKEEADNc8x7rU4cN2usSoTFxpwluwXbx7k+K6+Yqb7S2ZixBcH/iS6tThVlYViymuZUGZvtCQ9aSPDEvzBhbrmAqz7c2Wu8jr3Z/pAFy8sW3Vg4zXXvWFC5dWTbO7j/VKOG8jD/LBZ8hLltZ9pbA2lss/i4X/ypDXlqJmWlnt1mfqz5Dd0xD8jCXXMLMnylU6FT3GsCDMfEnsh1hAaUeFK9o/QwtguIMhyKbn4W/8AaALlLf0nDKKFxWayyvdUUc79KaES8ZzPuwreQIy/7esMroVNolKonzpi7wOGSOlVKU0BxAAa0J5Qb6yCzKx9vrECGVmf95e0EKjdVVZJaVpkzGjchnWBPkFiv/twcIEqzzGdZTyw2Ggx2hg01qHgtBhHE6wqjN6RDLmEzay1knDZJaJWUPrHI+rkZy0OHPN94ka6dsO6Oo+Q32RMq871ndTACRMqUlt1pp32xM1AwG6DwEJKKWshU+osZNxXi5xzrY0vNSBKVQRgBCAUBoBUkDma6xFKceDY5Jj8m4AlAXnsQFALznHUJKbqEaMSe/PWIXMeol5d+zUggY0x69YswzOI9Yn3s+/ODUDfbN2KXLQ9GiqMhugD5Q9DS5hQCAAgAIACAAgAxFpoDOqAQSympoCCTkT7oOe97ufxQ15Ac5vOziWXQkkCoPSUFEJOFZ1NJfAOMx4CIp6+vPqI8RPenfqz/PrUozkcVWDJWjBQ8yUv/Kl6WuT9o+NNYlWg9aG3uSQEs6ZAYgG1OEkmtatQoeNMqaZRgYp71dry59/wGgneK6ku7u4ke+ZisEIXfUEHeIKAcQB/H7F4jsixhYyTcXovLv8AiJaV021ldW7f/wA9pQz20ws1XoC6pV5gp1Xk0pZVPxjQaVjQgviIsZU3VuLw5d/EQVWXLCjAoBooLYpSMeMlznaJ1M8JqNB3J7zMqC6SViaksIrFqg1UuXzfETRTaKazjoqDIHWHvJXOopqNCipPll1/8Hy/k3roiPaJdK5GvEHMjmGPvHPNhqTT3YZD16+ZhVJOUnJ8SCuzblQws8wqdCEYg+NIidamnuuSv2hmNfsNR1pZXvBEOTT0Ylx+Xs9JPuwu6xN4eGyck+76QbsuYl0H9i5B4DyH6Qlp82JdHh2FlH4f990F6v8AJhkJOwErkv8Ai/WG71XmGR6mxCr1WZe53H5wm/V9IUfTZ+YnVtNoX7s+YPzhelqdQE+QlsTJbfax/wDaG/8ANTEkarCxZWa8bwX+umtkRRpdnbx/hg1iTpWFihvrZqda2DWi2WiZTQNhwjKmSiijLkIVVBLEaR7OqZiaf/yl/rE8cS1okN3CXL2JnL1Z/CgxSFPyaJFjJchvRov7p2Mn4frp4PZKQJl9pjn5QssQ3oCgX9j2Uky8wik/E1WbzMQSqyerHKKLQWFVGgHf+kR5jhu0SxTL00gsKUlqsxrwHqYBSwsjIoGI1Pbn6DKF0zY25pLmvFCShIBpWlRXyGkPi76CF0prmIUD2AAgAIACAAgAwl7mhmf9RuI8cjkw0qp627yMNYIw1+zazDQ9UZEAnCKGpUEfWpwMs58Yhlr69dxBP3vXpmdVTVVUNiYlpao1Jjc3sc0n935mU1TrkcgJ0Tm5vGYJUk5gKqAFnBKDh9agzI7vWOfw6dWo5dedsl/kuL60aCyaX++7kZ5zQLWmf8PFQhuQsGdJfZj4nWuR1kuHruLLkoJvlrz/AM+fcNypZq5IbGAC4qFnhaf1s2tJqccK58MoWT+FGFWqdJJ28FovwN2D61xMUnAckdVorjitnknOR2zW14UGs0Y2yNHZuGc53ayWfJfns4ku0jQCoocK4KEqfeWTXKaadabwFaRDUn7VjQ2hK8Hbja+Wvavh6o+JtNldk5TJLtEwpMDKrIi5ygCN2lesANOG8xzrlgY/H1N50qeXN8fwZMYrVm1Cxiqkr3bJLi8uUW4ypx+F+I3MYmWSW2stD3qIkeKn8OXiJuojNc8g/wApPAUhqxeIX/kYbq5Cf2HI+D1MTraOIWW95ITcQpbnkD+WPWE/fV38XyDciLF1yf8AhJ5CGPGV38TF3I8hf0CVSnRpQ/ZEQuvVvfefiLuoob02cRQXSoAzK10HZ+ka2E2jvyVOos3o/uRyhbNFEbEvMxt7hHcWthXn8oXdC49KsK8/SF3RLlpZLKKa1hd0LkxLKIXdC5PwAKO6FsgGmfl6frCgMTRTNiF79fX9ILBcr7beUpFLFhQe8xwr5tCdgGKvja5DUS6uOY+rl/iYVbwEOVOfHIS6KyTbrVOyUEL9mstfFjvt4UgtCOerFzZu9i7magaY5oDXAgCy6821LeJhd9sN2xuDeMtci615DM+QhN5C2JEqbiFQMoLiDsKAQAEABABg9osi4yp0jE1qQBnmQM6ZnMZjMw1gjA305Mw9YktQb28XC5dGcgk4cOBFOIiF5v167yB+/wCvLrK25ZQeaq6qZoL4VHRO65/vIA+ptIpUYaA0PbBiZbtKTy04uyzyzZapq8kX982gmYAKhlAIOs5TTWVLO7PHf6axQwkLR3n3fjmuRpUoX9Zf5P4SsQVJoaBuvh3hNy0tFRWycDu+XEXfdRSx1fSC/C6r/VjNtcYVl7mEEYQ5IkI3D6M9K2mZXPC2Vaa8Fpx4lGlC9vL8FhJl4Q2LGXIJcuQs4rlnaaZJLFRujPSvCJ37MbnW0aSoUVn36xv/AGPjPreSzsMW9qLwNQDqUUqKElSM5MkfAc3yHGM+D3pX9eHIz8Y26b7c+f8Al/J9eiOn7DTi9gszE1PRgVK4a0JFcPu6acI53GK2InbmUY6F9FUUIUAgAIACAAhbgEABCAQ71mhZTE004mmpA4xZwEd7FQXWNm7RZnpc8H3Qe6hjsN0q7w+qj/hnyhbBcXhTinpBYLj8kS+VPOFsFyUgTn6/6wWFuKm2hBzNPTvJhRLmZvbbWzyqgOGI92VvtXkW6q+Jh0YSlogbMVbdtZ85itnQKewdNM8WYYFPgYe6cY++xFfgR5dx2mccc9yOO8TMf13V8IY6yXuoeocy4sdwykNaYm5mrN4cBFedW+rJFAt5Mojqp+L9BEXSrgP3SRhmkULkLyGQ8hCdJJhZIm3bZqGFiIzdWUbi9wi2tCEdhQCAAgAIAMNfw+uIGvSGlAa1JHVbg3fkchDWCOaX4w6SaGGVWVg5FMNWos9hpLPCYNDURH8Xr1YgXvevXYFwthmNMfH9UjVY1xoDQYGSn7yh4TfsiuoiHGXcFFcX2+XEu0FeXpf6PbRNJYLQ45maIGq7dtnn6WbnhfQ1rXSFpwsrevwXq1VU4WWb8PFfF2joNA2EVK9egwlCR/VCv71wrh5eEC9p+vTMK7qSu/XbzEWKSS+I1pTJwKo5pSkiTrZacWOtainGylwRs7Nob8962UetLvz17OI/amG6tForVAY1RGyoUf8AqZ2eSaa+EOIktPXga2IqXlaPHV2tdf8AH4FzevEj285OT8a4qribHUYTOXQz69QDdXU6RWhr69dxnYz3EvDl/j1c28zpXs0et2yNcukGZqcprjM8T2xzu0MsRL1wKcdDTxTuKELcD2FuAQAeQlwPYLgEAHkIBkfalKV7A0t2ZQ7ywStK9bFx7oubNlu4hS5XElHeVjlVm2PlUqlunL3x1Kxy5kToPkTpOzU9f4d5v4g0+cTLFp8hrokmXd15r1LxU94P/tEn7hckN6IexX6vVtEh+8EflCqtHihOjYG+7+QfwpMzuKf5iId0sOQnRsrXkXnayRaEYA6iY69GO5ENG8oXpqazSBU5aFtYNi1yM1mmn4Ruyx3AZxXqYpskjSSNRYrkwgBECLyAAiu6rehIkiwl3OOOcMbbFuSRYVHCE3QueNJHCFsFxoSoEA9LcJmSB3w5MQ0F3XgGwqATlmcsu8cPGLUHkRNFlDxAgAIACADE30P3g5Vzb3iKilTX7NNRrTMQ1gjk15TqvUUpV2GEEhQS2JlT+cvxyTpSo1hkSKn69erCrvYgBRiq2aqjfWMBxsjk0RP+U2Y4Q2ok5LmaWFj7Lm1kuenfz6h6ysMLuejwE72HKzk8PpY6yTK5VTKuY4w2XJeu0z8TWdWVtfl2CnnZqzajKTjw1qRrd50mDgMfHtrEkVZBFWLCzysCtUNioTMJIE45Zm1toR2LrTOJNFc6jD0lQoJvtu/db/st8XW9OBBsUzGQ4NVYkIyistuYs0s5ydDWa1DXFFKu361KlGfTTnO7fa87Li38S/tWo3eeQ7qhaGlFyxiWx66UrjmnOlQNYjp+vX1I8Z7vz/K+Hqj3nRPZNMrdydkyaPDGSO4Zxz+08sQ+4pR0NlFC4oQXAILgELcAguAQXAILgEJcDGe001kyk5za+Sn9Yt4DOo+wfEobrsAKjKNjdQty0W615Q5RDePf2SOUSJMS56Lq5Ew9OXMTIfs11tiFGYZ8zEkZzGtIt5F0KNc4XN6jLk1LKo4CFsJcX0YgASwhQGZkIBWWu8pa8cVOWnnpALYyN67dy1JWXV3HuyqMR95zksSwoykI5JGcO0FonvQv0QPuyqzJpHa1CR4CLcMMo5shlVb0N/svPmS1CyLNMFcy85yuI8yKsx8aQ5uKGq5r1mWqnWl+T/rDboUvIQUIACADDbRZTphOHIMd7TICmKmeunbSuRhrE4HIbYSzgZ1LAA1o2MVIwNpKngZiYd1xTXMQ2OgU1fIVLVWVkOFkLfWV3JLNytJFGlTu1aA9kI/Zz9d5YxNVRiorz+nV2k20TmxLQvjAoGIHTICB/Dk0w2tKUGKmnLi2Eb5spQjfNjtiQlioNF1fCcQmMQB9dUVsbZ6CmXZmZVqaez6O/V3uCz/0uL6uIu95wCKu4BWi4jRFOn7u38+ZyDVFdaw2ebsam0a7pwaTzlk38TXHej8PdqF2KSWJxYyCZmOizyMqfSsO6JdAKS1zoBWKOIebXrv6iHBRtSTfPK+l/wC3+7reSIt/HJtMyDmMiARhJX+WoPVlas1CcoSjm/XqxHj1aPq67/ifXotDd+xmbWwMD7s+Z60Ofbz7axg7Xyr36kUYaG9rGVvDghbgELcAhbgEFwCEuBDvS85VnTHNYKPUnkBxMT4XDVsVPo6Su/JdrJ8PhqmInuU1dmPn+0FmNJFnZhzJPyA/ONd7IwtLLEV7PlFfc3o7AjBXrVUn65lNtDtC1oMrpZRlYcRzqQ1aCoqBpTti7g9k0Xd4aspdTyYyWw95N0KilbgXtzywUBWhB4iEnCUJOMlZowqtOdKThNWaLqXJhyREOCTD0IOCRDhB6TJzEOQjJVYeMEkwAQ7Vb0TrMK8tT5DOEFsU14bRBBXdQfFMNPQH84cot6C2Mtbr9tE/KzSJs8/E4MuSO3eoWHcPGJ40P5Owx1EtCGNirdas7XPVV+BASo7KaHxrEydKGiuRtzkX12+z2zSwMQeZT4zRfwqAIHWk9MhFBGlsV1y5QpLRVHJQBEbbeo7LgWNmkwIC8lrkO4RIILJgAqrx2glSaYg5r8ClvUaRZpYWdTS3fkOUGxqx7TSplaJOAAJLNLIWgzOcOqYOcNWu5iuFuJgdpNrLOZszDMOYYKQue8oFQTpoRmKZxPHY+Jmrq3iKqMmsjnUycDiYYadU1zULXSZxMkk5EZyzplSK+K2dXwqXSJWfJ+vAljB0leWpLlNgUlmIYDUr0jIh/wCXpapPJjmOMZ7W8/XplCT6SV367vqOS1IIquZqUXGWdsszItJP7rwqjUp28JCXqLWwysKkmlffNMLDj9eK/vLUpUitfGgXRXZ0eBoqlSTkrOWfBt8t1/A+t8Sqts8s1RUA5AgY8Yocll0/cgRX6zUDMREuZj4yr0lVvllrd974vrLS5pdVCqMhXCAellq3Ho5hznzOZOQrGdi5qObeXX6zZq4RxhQUm7X1z4f3fxj1rNj94XDPm9UBanFVmFQcs21xzTpipRRpnFGO1MPTWt/Pz5+Rm47HYdrdjK9uWn+N9I+bNL7PrK9jlTJUzCxeZjBUnCBhAoSQOXDhGPtLHQrzUop5LjYy44+OiTNS95ngBGV00glj+SBbzPECBV5CLHy4osZT1AI4xbjLeSZowkpRUkLh1xx5CXA8ZojlMVI5jaS14WpmYnoZZoo5jh50qfCOpxtX/pODjQh781eT9ctDsI22dhVGPvy19dWiNjd1yy1UAKPKOOlUnUd2zna2IlKV5O7MB7RL8kSLWlnnaCUDoaAMzHUaHKOp2JQm6LqRfH5FaOKlRqKcHZiNk7+lyyS0z6lgSGOla5HPmKiOpxdN1sPGq17SyfWdFtOMcVgo4tLPK/Zo14m4st92d+rNUxldHJHLXLGVakOjr5wu6+QlySkwHiPMQoCp1pVBVmUcMyPSHIRldPvoDqKW7eqvmcz4CH5jbEGbap0ziVHJd0eep9IcoNhdITKuonVqd36mHqKGuTJdl2ekqcWAM3xNvN5tp4RJmNLRbMBwgsJccEvsgAOjhQPaDvgAg2q/pEo4WmLi+Fd5vIQ5JvQQUu1cumjeafrD9yQl0I9ol5mVZ8A1fX7q/wCtI0dl0VOrd8Cxh43lc59eVnQSHnCoLIrfdovu8q6mHUcdX/dRpOWSk1258SSNWamo34lVstJNoV8bsCjoagnNc6rroaaxqbbxVTCziqekk/G+vaTYicoNWKbaJyLRNQE4Q1KVJyoDx740tk1nVwsZyzfEmoT3oJsqbOCrhsxhNQV61fs11PZx04xBtaCnh5w46ruIcRTcoNFrIYthw1qSSglGjk0zazzT/wDGfnKbt7I4tKxmRjYnWGWHqBhMsN9bgSlnxDha5Z3mmDgyZHUVzg1LeEo9LWUbN9S1fZfJPtyLK8pmFUWpBbKWDQs3ECyNohyyxfOG1JJa5Lj+TZxldUqcknZvJ2yf/wBl9X2fIkXNso8yjzi0tTQlQaT5o+G1zFJE0HiMo5zG7fhD2aCv1vTuOQq4xLKGfyNpZLEksYURVA0CgAAcgBoI5fEYqriJb1R3Kc5zqe+7kpZcQKLYqiK6OHOn1jt08oOcMsuLEyEznHCHNp5IZUkrZFpc82qEcjE1J2VjZwM96lbkTolci6Q7dekmSKzZiL3nPwGpiajg8TiHalBvuy8dCejha1Z2pxbMftDtwhRpdnBYsCMZFAAdaDUmOj2b+maiqRqYlqyz3Vnftehv4HYc1NTr5JcCs2FtqKWlOwUk4hXKuVCK88of+rNn1qrjiKabSVnbh1lvbNCcrVIq6SszoBt0pBVpiKO1lH5xydHB4ieUKcn3M5foKk3aMW+5nG/aNYZVqtzTlmnCERQyEUNAa6jmY7fY2CxNDDpVVuK7bvr4fcv0NgV68k6i3V5+BVz7J0kro0ZVUUG8uIGnCnHvjanOdS0aMW0uOi8Te2jhJSwiwmHXJdSS6yulXGwzKyCeGHGh8wcomWFbWdrmD/8AGMRa++r9/wAy4uPZ21zgTKWbLAJBZp7FP7utfKK8404O00YWJw1fDVOjnk/I2Vz7O2iX/Ftsx/shV+ZEVZunfJeZEnPiXy2OlN5+4kUPZpWIrD95kuTZu/8A32w5Ia2TZNm7IWwlyXLljv8AWFEJCr4Qoh6SIBSlvXaqyyKiZPXF8K1dvJaw5Rb0QjyMravaI0w4LHZ2mNwLAt44U/MiJVR4ydhrmuAhLkva25z5nQIfdrT/AAIcvFoP6cdMxPaZo7h9ndmk5uWnNrvUC1+6v51hHVkxVA2C3ZKAA6NPwiGi2RiPaoeoPsH5mNnZWr7S9hOJkLZNY3e9VAAkKVatcQwVao4UOUZVaThjJO2kn8yKpZTb6yo2JthUzMEszQSlcLAUBYgtU6ga0jd/UrjJUpxd17X0LGKs7MrtohS2z/vr6ypcWthu+CfaSYP3e8rbUflE+Jtn2FitoP2TqNioRUCZ0mUvTd+lgZk6YZqdnOONMRmpuxTuucZegwVw9ME4Czhd2dL5Vz4ZQI3dm0kqTm809f425TlrHnl1XNLs/d4oZrKAW76tTRmB6rcwKARx+3No78nRpvR5nObZx3TVOjT9mOXV2J8V1svlaOZMdSSPTMhcxXMTjgG77PKwCXbFS6H3l8WUfnFqjga9b3Y5c3kT08PUnoiNbbYiGYmIF5Sq7rnkraEHQxow2HUs96ST8S3DZ937b8CGu39il5SlmzKnNsNBy1Yg+kQw2VX1lZeZdjUpUY2imXtltIvCTMly5jSSVqGU5ihGR0y59kbWytn0VPfftNcHp4FnCY5QqKpuqS5PicovEGTMZJis7A9YBmVh8Smm8p5x1ENpYa1lJcrKx6DQx9CrTUou1+HFEJrUx6spvHIesS/vZP3KbfcTrELgpPuFpLc9Z0QeLHyApEUq2Pl7kLdtl9Q6Wq9IeLPJssDSax/uhfLMw+nCvZvEVbdUX9bInh0r96y7P9CZcoEgAFiefz5Qjq4ann7z63cgr4qhh1erPu4+Bf3dceKhmMKfCpp5k/lENTHTnknZHP4r9RfDh497+xZW245JQhVwsASDnqOfMRDTrTjK6ZTwu2MTGqnOV03mvtyLH2ZqWWeD1dynfRq+gEaeOs93mWP1Qop02tc/DI002x5/7EZ9kcncTLlKNMz2CvrABIUHkB35nyH6woCqjia9+nkMvOACrvPa2yyN15y4h7ib7fhXTxh0YuWgjdjK2z2mO7dHZLOzNwLbzHuRK+pESqg9ZOw1zQhLivi3Zz5nQoeDHD/25ev94wv9KPWJ7TL+6PZhZkoZxaceR3U/Cv5wkq0uGQKHM2VhuuVKXDKlog5KoA9Iibb1HpJExZcIA4iQoDsOAw/tPstZaPyxKfmPzjV2XL22i1hZWbRzq03vJWxtJaYqsJBG8QAWoRgGebdkQY/C1I1ZVn7rm19fAbWi7uXC5Sezy2pJRmdt3CPE4uA46xfxOFnXwdCFH2neX3JJRcqUUusb2otAN4NgZWUy0ORB3guHh3QuwqlRJ0srZvruh2Ek1Ld4FXebUUczlzOZ5Rd2hPdhLsLGKqJKxZXVY5hphRwV0KIXZAaVMjIhkNd6U+eeWYjlnFrgZTNXbLMVcSVlzWR8OktxLevXLP8A07a5VFaDQGsQVpNU2+S9XNKW0v6entJZPgrfPvzRojf1lU4TOVKZUaq6dpFI87/Z4iXtbrd+843/ALjbTuSJF72dzRJ8pjyDqT5AxHPC1oq8oNdwSg4q7FveMoe+D3VPyhqoVHwI3OK4kWbfI9xSe05DyESxwr+JjXVXAiveSUZrVLM2VTNVWuEjRsNcxz8I1dm9FSqWaWejZawWJhGTVRD1ktN3MMS2TLhWWg9Cc41Z4yhF2azNVVab0ix6978SYjy5UtlcqM2QABQeJ4gV07Yd++g1eKfkWIVk+D8DByellSZ9mllmWaAxBSoYEgrhNMiOYMLRxN4u9l38iOMU0+JorgmGy2dp085EBei4zOQf4Uyz592RlwPRb7tNXfC/An2Xs6rWq9EsrvwRT2+a85uknTFVn3gu9QA6UABwiNqjWo0/ZpR7bJfi521HaFDDXoYalUmoO0pRjf2lqrtq752vbQhWizMtM6g6EaHuMW4S6VXjL7rtNTA7RoYyLlSejs001KL5Si7NfXgOWC7y+bE0rSg4+Mc9tTaFShPoovMgx+0JUZbkNS+sV0qNJY7yKnzMc3Xx1SfvTZiVcbVqe9JkLaT6qdKxV3kPLgx4Hvi7smW/Tnbg/oYuKd5JkuxW1CKEjxBH6iNqCZXF3teFB0Usku2WRrQHKneY0sJh97+pPReZv7I2fvv9xVyhHNddvojX7E3eZMllYkMxDNQcaaVOWQha1XpJt8DM2zjViq+9H3Vkvv3lraZiDXPvqf8ASIjJM7em2dlk1UzAzD3Uq7eITJfEwqi3ohG0jMWzb+dMOCy2cknTFVv8Es/NokVB6yY1zR5K2ave206dzKQ8GOEeEuWa/iMO/pR6xLyZo7m9lFml0M5nnH4ckl/hXXxMI60noChzNvdtzyZK4ZUtEH2QB8oibb1HJJaE8S4LCigkFgFBILAehYWwCoUAgAr79uxbRIeU1MxlXgeES0am5K7049gqdmcjvD2QTmJIKnxibdoPWb8PyOtHmV832Q2odXhyb/WHqNJe7Wa7n9xV1SK8+yS2KaqpHapz+cLClCL3o1rPnZpixjZ5SNaPZOHCl3aWyjLCFb8WIEEwmMxsq8stBatXfd0Wdk2EtMmhkWxVp8Uk180mL8oouberIcye93XoBT6ZJbvSaK9nWMRTSlFxejEauQL12ckP/Glpi4lajPjT/WOOrYXHYNvo25R8fFamNVwLg7xXh9iss+xsqUSZbFSdSRU05VHCKlTaVWp76KdSnKWTlpzX2Hv2A3xqfOI/3keRG6E+a8RxLmYe8vnDXio8g6GfV4kmXd+HVxETrX4C9C1q0OrIlDXD6iG79R8yzTquPx/Man9CMyzGhBADNSo0r2dkSwqVrNLj2FuOOqaXv3DNvu+1T0V7LM6IDFiJRWxHKnW0A/OL+GpUlBzrpPvt9czTwm+4t31KSbsreba25VHMpL/JTD/3uAg7RpXfU39zQjTqPRiLy2SniUFmWpphGZdZeFtc1od1lpxyIi/hcTKUr9A4rhe/+/mVnDGYWbrYSbbecoJ6vmuvmtH2iJVkVFIoDLABJmPSpGeQrxFdKGNCGIxPSXinfms8uu/5I8NjdpY+2Jwk068cpLdUZf8AGVnZq+m8snxTG703Qj2Z2lDPGpGNAT1SK72edeGnGIo4SrjKk3XcXLK3wt89MjWwGPntmTW8o1oqzg8m7a27PHmWF1W+blitMgjtDKYp1tgVW8qb8blqez8ZB2cG+zMoNr9n0tU0z2vCjAUVVGJVUe6oWh7a9sbuz9nzw9JU40+1vi+ZX/6Tja0vca7ciNszsva2JwTJk1RWhIwp5tXPsBjT6GjTzqZvkjRp7OwuC9rGTTf8V6u/JE0WK87PMLfs92X4gQ7dp3a0hKlXpMtFyKO0dszxK6Omt2HLn22+RaWfaS8Jn1UmzsjccSMzeAJAA7xEcaceLMOc7kqTsJeVqztU8qvJ2J/7aUXzEP3qcdEM9pmmuj2W2SXTpcU48jur+FYa6snoCga6w3RJkjDKlog+yoHyiN3eo5JImCUILCigsFgPaQWA9hQCAAgAIACAAgAIACADykAARAB5SADxlEIBDtcoEEEZEdo+UNaA57tGnRV6Oq11oTn5mI7Zjt5mVS850ogJMYDkTiHk1YrVcHQqq84pkcqcZ+8ja3RPaZLDOanuA+Ucpj8NTpv2FYzK9KEXkiUyxkMpuKI80Q6IbqK6ZrFiOgu4rE2fKVLN0qqMdTmQG4ng1REUZOdfcby8PkdHsvCUZU1KUbsive04Wae4feSUrKcK5EtQkZRrVsPTg6UYxspOz5vLnr5nRLD006eWrzMv+37T0YbpnxHU8fPhHV4LDUaMfYil65nRUcBhm7OCID2yZMUl5jt3sf1jqMHhKNSF5Lzf3OY25tCvg6u5h2or/jH6omXYxIZToKUHKpjI2zhKNHdcI2vfn9Tzja+NrwxccVCVqjWclk322yf14kkSQoFK51JqS1c6e8TEeNwlGnSUoRs79fIftXG1p9Bim7VLe8kovLsSKCeaTpiDqhshyjK6erHST8T2XY2LrYjBUqlWV5OKbeQ7ItTS2xIaHuB+YiKWMrvJyZq1aUai3ZadrXyNxs9fU98OOYT4D9InpVJPVnL4/AYem3ux839zo9ilgopIzMXloctUyk0TAsOIxVIUQ9hQCAAgAIACAAgAIACAAgAIACAD/9k=', '2024-01-03'),
(5, 'dkhvowbvl wev jw vr', 'Cuadernos', 'https://encrypted-tbn0.gstatic.com/images?q=tbn:ANd9GcTqsath23UKuQ5dVc4t-k2uxFUTIg0dYBGHvA&s', '2023-02-09'),
(6, '-vvojwnlw vñknprnvrv', 'Libros', 'https://encrypted-tbn0.gstatic.com/images?q=tbn:ANd9GcQB17AGRDx6wCxy5OcjaelKo17vQDLNKQdJvQ&s', '2022-11-29'),
(9, '-jpwrnvñ rñknprbnñr bnwr', 'Diccionarios', 'https://encrypted-tbn0.gstatic.com/images?q=tbn:ANd9GcQBxQhQJNaWTWv4MywW6pjvTPYb8ZbzlrxKKg&s', '2023-08-17'),
(10, 'dd,v l vliWVK  OONOWNVO O ', 'COB', 'https://encrypted-tbn0.gstatic.com/images?q=tbn:ANd9GcTBy5EQJdMDtf_qGOeOZnExuO8nYixoxoK26w&s', '2024-05-28'),
(11, 'd,vow vlj rwovlwr l vr', 'Tijeras', 'https://encrypted-tbn0.gstatic.com/images?q=tbn:ANd9GcTItVuunm59B9WL4pmQ3KEC0hgWl5HGmIYUlg&s', '2024-03-06'),
(12, 'w.vnowev l wovwo vljv', 'CARTUCHOS', 'https://encrypted-tbn0.gstatic.com/images?q=tbn:ANd9GcTT8wnOWLZY9LMUAZaEfpY98MCx7cF0zbz0OA&shttps://encrypted-tbn0.gstatic.com/images?q=tbn:ANd9GcTT8wnOWLZY9LMUAZaEfpY98MCx7cF0zbz0OA&s', '0000-00-00'),
(13, 'dklvnwv mw vinrlj ', 'aaaa', 'https://encrypted-tbn0.gstatic.com/images?q=tbn:ANd9GcTYJ5BizyuB4mBRnbkMJh9ql3sgGe6NSkr92w&s', '0000-00-00');

-- --------------------------------------------------------

--
-- Estructura de tabla para la tabla `crearcuenta`
--

DROP TABLE IF EXISTS `crearcuenta`;
CREATE TABLE `crearcuenta` (
  `idCrearCuenta` int(10) NOT NULL,
  `idUsuario` int(10) NOT NULL,
  `idRol` int(10) NOT NULL,
  `correo` varchar(100) NOT NULL,
  `contrasena` varchar(100) NOT NULL,
  `confirmacion` varchar(100) NOT NULL,
  `estado` varchar(50) NOT NULL
) ENGINE=InnoDB DEFAULT CHARSET=utf8 COLLATE=utf8_unicode_ci;

--
-- Volcado de datos para la tabla `crearcuenta`
--

INSERT INTO `crearcuenta` (`idCrearCuenta`, `idUsuario`, `idRol`, `correo`, `contrasena`, `confirmacion`, `estado`) VALUES
(74, 4, 2, 'cal', '$2b$04$5/yRBBNJ0s1EY45wTSIKZOt1rH0L/3wuizCksBmazkZU9FyexOqZu', '$2b$04$Vk1dIZt/wlhB23Uvd0HSCuV75gD5itv4Lfw0O4xUPMwr64muQ9Rm6', 'activo'),
(75, 4, 2, 'g', '$2b$04$TtSdLCev7ImMYpDeKyIFF.eyQX7YGexMwb4uvbj4EE0p2lZp0ugR6', '$2b$04$Q8s2xN0ByOU7FeazOo3i2enwWhUlk54C/N1qtlW7dECoGTNxPp5ra', 'activo'),
(76, 5, 1, 'g', '$2b$04$kN7lh4D9gtmIPvn.Mma0b.aBCJriSu5HqRu917tagjzg4FjW4gh9q', '$2b$04$V/5nb0AuFRPU7Mu0Ov8rdu.SmyZ/K5MrPcrz29YiPowrL.8bUvLxm', 'activo'),
(77, 5, 1, 'h', '$2b$04$uHexz/3ipPL9awFROIcmoevbTKe3Pe95YfZlJ1eLJ9J3R.Df5Lpve', '$2b$04$wmS.vnKW7FdQJaiieM//Kumw7oW0NS8JP8ErP.CfmTWgkCGdQEJha', 'activo'),
(78, 1, 1, 'h', '$2b$04$XhrKrDqnoNjWeYeksn9.jOWx36M4h4PIyiAZP3PsY9A4XwtOun3a.', '$2b$04$XcHnNzW.0OGE81/w7.ojsuR5S9cSROiKToG6jGUp.XkN5jtAWt2By', 'activo'),
(79, 6, 1, 'h', '$2b$04$GimlSBNYxRsEgvXw.RBw7uBgfOf0.jcOWdjl.9LBFg4jm9Qq2mXh6', '$2b$04$qzCYg1j6n93D3YXlEU1uj.L0xYF26P8fzxOFOeDejY5cgwjJa.cc.', 'activo'),
(80, 8, 1, 'lo', '$2b$04$tNoxRz4zYzN8sYLHMWtzau36OyWADGnh6YFZJZFyyPZZoN6ZcqJMy', '$2b$04$JmVJa7XIKbbUzMD4QrY4Q.iFNsRtDpw668w/2nI1HH9/tfl.4EE.a', 'activo'),
(81, 8, 1, 'lo', '$2b$04$5l1oJJXWqJCcgvlhtNis1.8JFanI0X5LLdQJgyuOef/ZQdbmiJ8sy', '$2b$04$y7K5ZRfG8QpbuC8b0qe35etS2bEFVIdOJOJ./03E2Mb/5WZRrJ15C', 'activo'),
(82, 8, 1, 'camila', '$2b$04$fIofCBDUrneNtQkdlakx/uEkNECMnsH.9a.wnH/3R852mrIIMy9Cq', '$2b$04$2UZuejhlQ6uFXFevx2GtoutrWBoDjRNVPayZRZYcN.QTl.V0IW5Su', 'activo'),
(83, 3, 1, 'camil', '$2b$04$KM1/W5dbxF6hAUqyC4a08ewYVPUKL6r5ErXxEb/HQBCjY6xyaU96m', '$2b$04$h1Oggj6c5MESn3wfJHTuy.Wkd7xY/WQKU9AeChUSrCs7AajmMz382', 'activo'),
(84, 3, 1, 'camil', '$2b$04$lPBw1JUbDpuDhX3HAItq6eMB7OVdCy7A0uqIQW7YJimCdKGsObxae', '$2b$04$/emuvrGAO.xsdAFaegcTWORpR2kVTctlCr9FGcE6PR1UdAYaGTK3O', 'activo');

--
-- Disparadores `crearcuenta`
--
DROP TRIGGER IF EXISTS `after_crearcuenta_insert`;
DELIMITER $$
CREATE TRIGGER `after_crearcuenta_insert` AFTER INSERT ON `crearcuenta` FOR EACH ROW BEGIN
DECLARE username VARCHAR(100);
    
    SELECT nombres INTO username
    FROM usuario
    WHERE idUsuario = NEW.idUsuario;

    INSERT INTO login (idCrearCuenta, usuario, contrasena)
    VALUES (NEW.idCrearCuenta ,username, NEW.contrasena);
END
$$
DELIMITER ;

-- --------------------------------------------------------

--
-- Estructura de tabla para la tabla `factura`
--

DROP TABLE IF EXISTS `factura`;
CREATE TABLE `factura` (
  `idFactura` int(10) NOT NULL,
  `idCrearCuenta` int(10) NOT NULL,
  `idRegProducto` int(10) NOT NULL,
  `idMetodoPago` int(10) NOT NULL,
  `cantidad` int(100) NOT NULL,
  `fecha` date NOT NULL
) ENGINE=InnoDB DEFAULT CHARSET=utf8 COLLATE=utf8_unicode_ci;

--
-- Volcado de datos para la tabla `factura`
--

INSERT INTO `factura` (`idFactura`, `idCrearCuenta`, `idRegProducto`, `idMetodoPago`, `cantidad`, `fecha`) VALUES
(14, 80, 5, 1, 34, '2024-06-14'),
(18, 75, 1, 1, 23, '2024-05-01');

-- --------------------------------------------------------

--
-- Estructura de tabla para la tabla `login`
--

DROP TABLE IF EXISTS `login`;
CREATE TABLE `login` (
  `idLogin` int(10) NOT NULL,
  `idCrearCuenta` int(10) NOT NULL,
  `usuario` varchar(100) NOT NULL,
  `contrasena` varchar(100) NOT NULL
) ENGINE=InnoDB DEFAULT CHARSET=utf8 COLLATE=utf8_unicode_ci;

--
-- Volcado de datos para la tabla `login`
--

INSERT INTO `login` (`idLogin`, `idCrearCuenta`, `usuario`, `contrasena`) VALUES
(62, 74, 'Laura Gómez', '$2b$04$5jae6pOg.NChNhSrjPq0nuRGXG4QlNg.viU4z3ApIri/BOeIyHrN6'),
(63, 75, 'Laura Gómez', '$2b$04$TtSdLCev7ImMYpDeKyIFF.eyQX7YGexMwb4uvbj4EE0p2lZp0ugR6'),
(64, 76, 'Marcela Hernandez', '$2b$04$kN7lh4D9gtmIPvn.Mma0b.aBCJriSu5HqRu917tagjzg4FjW4gh9q'),
(65, 77, 'Marcela Hernandez', '$2b$04$uHexz/3ipPL9awFROIcmoevbTKe3Pe95YfZlJ1eLJ9J3R.Df5Lpve'),
(66, 78, 'Juan Pérez', '$2b$04$XhrKrDqnoNjWeYeksn9.jOWx36M4h4PIyiAZP3PsY9A4XwtOun3a.'),
(67, 79, 'Carlos González', '$2b$04$GimlSBNYxRsEgvXw.RBw7uBgfOf0.jcOWdjl.9LBFg4jm9Qq2mXh6'),
(68, 80, 'Jorge Hernández', '$2b$04$tNoxRz4zYzN8sYLHMWtzau36OyWADGnh6YFZJZFyyPZZoN6ZcqJMy'),
(69, 81, 'Jorge Hernández', '$2b$04$5l1oJJXWqJCcgvlhtNis1.8JFanI0X5LLdQJgyuOef/ZQdbmiJ8sy'),
(70, 82, 'Jorge Hernández', '$2b$04$fIofCBDUrneNtQkdlakx/uEkNECMnsH.9a.wnH/3R852mrIIMy9Cq'),
(71, 83, 'Pedro Rodríguez', '$2b$04$KM1/W5dbxF6hAUqyC4a08ewYVPUKL6r5ErXxEb/HQBCjY6xyaU96m'),
(72, 84, 'Pedro Rodríguez', '$2b$04$lPBw1JUbDpuDhX3HAItq6eMB7OVdCy7A0uqIQW7YJimCdKGsObxae');

-- --------------------------------------------------------

--
-- Estructura de tabla para la tabla `metodopago`
--

DROP TABLE IF EXISTS `metodopago`;
CREATE TABLE `metodopago` (
  `idMetodoPago` int(10) NOT NULL,
  `tipopago` varchar(100) NOT NULL
) ENGINE=InnoDB DEFAULT CHARSET=utf8 COLLATE=utf8_unicode_ci;

--
-- Volcado de datos para la tabla `metodopago`
--

INSERT INTO `metodopago` (`idMetodoPago`, `tipopago`) VALUES
(1, 'Transferencia'),
(2, 'Efectivo');

-- --------------------------------------------------------

--
-- Estructura de tabla para la tabla `producto`
--

DROP TABLE IF EXISTS `producto`;
CREATE TABLE `producto` (
  `idProducto` int(10) NOT NULL,
  `descripcion` varchar(200) NOT NULL,
  `unidades` int(25) NOT NULL,
  `codigo_producto` int(50) NOT NULL,
  `imagen` text NOT NULL,
  `precio_compra` int(20) DEFAULT NULL,
  `precio_venta` int(20) DEFAULT NULL
) ENGINE=InnoDB DEFAULT CHARSET=utf8 COLLATE=utf8_unicode_ci;

--
-- Volcado de datos para la tabla `producto`
--

INSERT INTO `producto` (`idProducto`, `descripcion`, `unidades`, `codigo_producto`, `imagen`, `precio_compra`, `precio_venta`) VALUES
(1, 'Lapicero azul ', 100, 44, 'https://encrypted-tbn0.gstatic.com/images?q=tbn:ANd9GcQeB7ccJX8-082BMgA_ueorNcTlEEU2PAL5lw&s', 1500, 2000),
(2, 'Cuaderno argollado', 50, 43, 'https://encrypted-tbn0.gstatic.com/images?q=tbn:ANd9GcQ02HbBhR9Mf6bNmoJnsuHn2iAfdtQuoaCv2w&s', 3000, 6000),
(3, 'Colores', 20, 99933, 'https://papeleriadelahorro.mx/cdn/shop/products/1594004.jpg?v=1631197613&width=500', 5500, 10000),
(4, 'Borrador', 200, 34343434, 'https://encrypted-tbn0.gstatic.com/images?q=tbn:ANd9GcTBIj-rXWwx-VNC63wK-vQJgGI3u7Op2-gtCAF0LtQsA_H3FaaYQkh-7f_eRv0nF5fTPJ8&usqp=CAU', 700, 1500),
(5, 'Resaltadores', 20, 34434197, 'https://encrypted-tbn0.gstatic.com/images?q=tbn:ANd9GcQzddDS3FbYoKOqYXFxjQzlp0jGQExZUov3s0CwEmKSp9PpGeefvHRuqPLLBKDAGYMhQ2c&usqp=CAU', 6000, 12000),
(6, 'Papel bond tamaño carta (500 hojas)', 30, 3764884, 'https://lh3.googleusercontent.com/proxy/yNTalE-mM2BElvIoMK1pQfZ59_397Gmm2VtMPhOR4f-IoTlr_rBcd0Nj9JoutLASszFgLkZVlZ9wgx9aPS3i2eB5C4KjoEv6', 2000, 3000),
(7, 'Carpeta archivadora de plástico ', 40, 9846637, 'https://www.google.com/url?sa=i&url=https%3A%2F%2Ftauro.com.co%2F&psig=AOvVaw2bjXSWmFj6X6NBnRhbmrnr&ust=1718834375273000&source=images&cd=vfe&opi=89978449&ved=0CBEQjRxqFwoTCKDC9rGT5oYDFQAAAAAdAAAAABAq', 2300, 4000),
(8, 'Tijeras de acero inoxidable', 25, 9873654, 'https://www.google.com/url?sa=i&url=https%3A%2F%2Ftauro.com.co%2F&psig=AOvVaw2bjXSWmFj6X6NBnRhbmrnr&ust=1718834375273000&source=images&cd=vfe&opi=89978449&ved=0CBEQjRxqFwoTCKDC9rGT5oYDFQAAAAAdAAAAABAv', 2500, 5000),
(9, 'Corrector líquido ', 50, 4875885, 'https://www.google.com/imgres?q=imagenes%20de%20productos%20de%20papeleria&imgurl=https%3A%2F%2Fwww.oficimundo.com.mx%2Fimages%2FDESENGRAPADORAS.jpg&imgrefurl=https%3A%2F%2Fwww.oficimundo.com.mx%2Fcategoria-papeleria.html&docid=qjLWFNUD_UZVYM&tbnid=8y5MU1bIFf39SM&vet=12ahUKEwiOzZ6Tk-aGAxU9QzABHePXDPUQM3oECFEQAA..i&w=540&h=540&hcb=2&ved=2ahUKEwiOzZ6Tk-aGAxU9QzABHePXDPUQM3oECFEQAA', 1300, 2500),
(11, 'Carpeta de cartón color café ', 0, 546565, 'https://www.google.com/imgres?q=imagenes%20de%20productos%20de%20papeleria&imgurl=https%3A%2F%2Fkaycosas.com%2Fwp-content%2Fuploads%2F2018%2F06%2Fkco-Calculadoras.jpg&imgrefurl=https%3A%2F%2Fkaycosas.com%2F&docid=mIK6amDeF6xUmM&tbnid=jJRvSMr72w_zKM&vet=12ahUKEwiOzZ6Tk-aGAxU9QzABHePXDPUQM3oECH4QAA..i&w=800&h=600&hcb=2&ved=2ahUKEwiOzZ6Tk-aGAxU9QzABHePXDPUQM3oECH4QAA', 900, 1700),
(12, 'e222222222222e2eeeeee', 0, 6565634, 'https://www.google.com/imgres?q=imagenes%20de%20productos%20de%20papeleria&imgurl=https%3A%2F%2Fwww.ofistore.com%2Fimages%2F2020%2F06%2Fmateriales-de-oficina.jpg&imgrefurl=https%3A%2F%2Fwww.ofistore.com%2Fclasificacion-materiales-oficina%2F&docid=uWs3F1U_zHQWNM&tbnid=4LgQP4El-2CLwM&vet=12ahUKEwiOzZ6Tk-aGAxU9QzABHePXDPUQM3oECBQQAA..i&w=500&h=332&hcb=2&ved=2ahUKEwiOzZ6Tk-aGAxU9QzABHePXDPUQM3oECBQQAA', 9000, 80000),
(13, 'Marcadores', 0, 3875785, 'https://www.google.com/imgres?q=imagenes%20de%20productos%20de%20papeleria&imgurl=https%3A%2F%2Fwww.distrikayser.com.co%2Fimages%2Fproductos%2F16616286803122.png&imgrefurl=https%3A%2F%2Fwww.distrikayser.com.co%2Fproductos%2Futiles-escolares%2Fcolor-norma-x-12-largo_116&docid=Un4qYQb22qGlSM&tbnid=0zLRRrl6MrmItM&vet=12ahUKEwiazc_7k-aGAxWwq4QIHdYaCqw4ChAzegQIUhAA..i&w=900&h=897&hcb=2&ved=2ahUKEwiazc_7k-aGAxWwq4QIHdYaCqw4ChAzegQIUhAA', 7300, 15000),
(16, 'carton cuadrado que tiene puntas delgadas', 0, 8374983, 'https://www.google.com/imgres?q=imagenes%20de%20productos%20de%20papeleria&imgurl=https%3A%2F%2Fwww.amexcorporate.com.ar%2Fmultitaskers%2Fimages%2Fnotas%2Fnew%2F751.jpg&imgrefurl=https%3A%2F%2Famexcorporate.com.ar%2Fmultitaskers%2Fnegocios-y-actualidad%2Fvuelta-al-cole-como-funciona-la-industria-de-los-productos-de-libreria&docid=SmYCgiZB4t-NeM&tbnid=SXFZmdrSyR8CJM&vet=12ahUKEwiazc_7k-aGAxWwq4QIHdYaCqw4ChAzegQIXhAA..i&w=860&h=330&hcb=2&ved=2ahUKEwiazc_7k-aGAxWwq4QIHdYaCqw4ChAzegQIXhAA', 1200, 1300),
(19, 'llllllllllllllllllllllllllllllllllllllllllllllll', 233, 2147483647, 'https://www.google.com/imgres?q=imagenes%20de%20productos%20de%20papeleria&imgurl=https%3A%2F%2Fwww.panafargo.com%2Fwp-content%2Fuploads%2F2018%2F08%2F50-arti%25CC%2581culos-de-papeleria-Karin.jpg&imgrefurl=https%3A%2F%2Fpanafargo.com%2F50-articulos-de-papeleria%2F&docid=VWxY170qa1HawM&tbnid=CMM8MNXuBaDlvM&vet=12ahUKEwiazc_7k-aGAxWwq4QIHdYaCqw4ChAzegQIFhAA..i&w=980&h=1139&hcb=2&ved=2ahUKEwiazc_7k-aGAxWwq4QIHdYaCqw4ChAzegQIFhAA', 22000, 25000);

-- --------------------------------------------------------

--
-- Estructura de tabla para la tabla `proveedor`
--

DROP TABLE IF EXISTS `proveedor`;
CREATE TABLE `proveedor` (
  `idProveedor` int(10) NOT NULL,
  `telefono` int(10) NOT NULL,
  `direccion` varchar(100) NOT NULL,
  `correo` varchar(150) NOT NULL,
  `nit` int(20) NOT NULL
) ENGINE=InnoDB DEFAULT CHARSET=utf8 COLLATE=utf8_unicode_ci;

--
-- Volcado de datos para la tabla `proveedor`
--

INSERT INTO `proveedor` (`idProveedor`, `telefono`, `direccion`, `correo`, `nit`) VALUES
(1, 1234567890, 'Calle 123', 'proveedor1@example.com', 2147483647),
(2, 2147483647, 'Avenida XYZ', 'proveedor2@example.com', 2147483647),
(3, 2147483647, 'Calle Principal', 'proveedor3@example.com', 2147483647),
(4, 2147483647, 'Avenida Regional', 'camilo@gmail.com', 123456789),
(5, 2147483647, 'Calle Secundaria', 'proveedor5@example.com', 2147483647),
(7, 2147483647, 'Avenida Grande', 'proveedor7@example.com', 2147483647),
(8, 1010101010, 'Calle Vieja', 'proveedor8@example.com', 2147483647),
(9, 1212121212, 'Avenida Pequeña', 'proveedor9@example.com', 2147483647),
(10, 1313131313, 'Calle Larga', 'proveedor10@example.com', 2147483647),
(11, 2147483647, 'Calle 45 Avenida Pilsen', 'vtrfy@example.com', 2147483647);

-- --------------------------------------------------------

--
-- Estructura de tabla para la tabla `regproducto`
--

DROP TABLE IF EXISTS `regproducto`;
CREATE TABLE `regproducto` (
  `idRegProducto` int(10) NOT NULL,
  `idProducto` int(10) NOT NULL,
  `idCategoria` int(10) NOT NULL,
  `idProveedor` int(10) NOT NULL,
  `cantinicial` int(25) NOT NULL,
  `cantfinal` int(25) NOT NULL,
  `fecha` date NOT NULL,
  `valorcompra` int(50) NOT NULL,
  `estado` varchar(25) NOT NULL
) ENGINE=InnoDB DEFAULT CHARSET=utf8 COLLATE=utf8_unicode_ci;

--
-- Volcado de datos para la tabla `regproducto`
--

INSERT INTO `regproducto` (`idRegProducto`, `idProducto`, `idCategoria`, `idProveedor`, `cantinicial`, `cantfinal`, `fecha`, `valorcompra`, `estado`) VALUES
(1, 1, 1, 1, 10, 5, '2023-01-01', 500, 'disponible'),
(2, 2, 2, 2, 50, 45, '2023-01-01', 200, 'disponible'),
(3, 3, 3, 3, 20, 18, '2023-01-01', 300, 'disponible'),
(4, 4, 4, 4, 100, 95, '2023-01-01', 50, 'disponible'),
(5, 5, 5, 5, 100, 78, '2024-03-06', 200, 'agotado'),
(9, 9, 9, 9, 30, 25, '2023-01-09', 15, 'disponible');

-- --------------------------------------------------------

--
-- Estructura de tabla para la tabla `rol`
--

DROP TABLE IF EXISTS `rol`;
CREATE TABLE `rol` (
  `idRol` int(10) NOT NULL,
  `rol` varchar(50) NOT NULL
) ENGINE=InnoDB DEFAULT CHARSET=utf8 COLLATE=utf8_unicode_ci;

--
-- Volcado de datos para la tabla `rol`
--

INSERT INTO `rol` (`idRol`, `rol`) VALUES
(1, 'Administrador'),
(2, 'Usuario');

-- --------------------------------------------------------

--
-- Estructura de tabla para la tabla `usuario`
--

DROP TABLE IF EXISTS `usuario`;
CREATE TABLE `usuario` (
  `idUsuario` int(10) NOT NULL,
  `identificacion` int(15) NOT NULL,
  `nombres` varchar(50) NOT NULL,
  `telefono` varchar(15) NOT NULL,
  `fecha_naci` date NOT NULL
) ENGINE=InnoDB DEFAULT CHARSET=utf8 COLLATE=utf8_unicode_ci;

--
-- Volcado de datos para la tabla `usuario`
--

INSERT INTO `usuario` (`idUsuario`, `identificacion`, `nombres`, `telefono`, `fecha_naci`) VALUES
(1, 123456789, 'Juan Pérez', '123-456-7890', '1990-01-01'),
(2, 12344, 'carlos carlo', '1234567', '2041-09-13'),
(3, 111111111, 'Pedro Rodríguez', '111-111-1111', '1985-10-10'),
(4, 222222222, 'Laura Gómez', '222-222-2222', '1998-03-15'),
(5, 2397841, 'Marcela Hernandez', '3208794532', '1987-05-18'),
(6, 444444444, 'Carlos González', '444-444-4444', '1988-06-20'),
(7, 555555555, 'Sara Ramírez', '555-555-5555', '1989-09-25'),
(8, 666666666, 'Jorge Hernández', '666-666-6666', '1987-12-10'),
(9, 777777777, 'Luis Fernández', '777-777-7777', '1993-04-05'),
(11, 1040516846, 'Carolina', '315498244', '2005-11-28'),
(12, 123456874, 'Lisandro', '3204879654', '2005-04-17'),
(16, 122224, 'carl', '12367', '2041-09-15'),
(17, 12222224, 'corls', '1222367', '2041-09-15');

--
-- Índices para tablas volcadas
--

--
-- Indices de la tabla `categorias`
--
ALTER TABLE `categorias`
  ADD PRIMARY KEY (`idCategorias`);

--
-- Indices de la tabla `crearcuenta`
--
ALTER TABLE `crearcuenta`
  ADD PRIMARY KEY (`idCrearCuenta`),
  ADD KEY `idUsuario` (`idUsuario`) USING BTREE,
  ADD KEY `idRol` (`idRol`) USING BTREE;

--
-- Indices de la tabla `factura`
--
ALTER TABLE `factura`
  ADD PRIMARY KEY (`idFactura`),
  ADD KEY `idCrearCuenta` (`idCrearCuenta`) USING BTREE,
  ADD KEY `idRegProducto` (`idRegProducto`),
  ADD KEY `idMetodoPago` (`idMetodoPago`);

--
-- Indices de la tabla `login`
--
ALTER TABLE `login`
  ADD PRIMARY KEY (`idLogin`),
  ADD KEY `idCrearCuenta` (`idCrearCuenta`) USING BTREE;

--
-- Indices de la tabla `metodopago`
--
ALTER TABLE `metodopago`
  ADD PRIMARY KEY (`idMetodoPago`);

--
-- Indices de la tabla `producto`
--
ALTER TABLE `producto`
  ADD PRIMARY KEY (`idProducto`);

--
-- Indices de la tabla `proveedor`
--
ALTER TABLE `proveedor`
  ADD PRIMARY KEY (`idProveedor`);

--
-- Indices de la tabla `regproducto`
--
ALTER TABLE `regproducto`
  ADD PRIMARY KEY (`idRegProducto`),
  ADD KEY `idProducto` (`idProducto`) USING BTREE,
  ADD KEY `idCategoria` (`idCategoria`) USING BTREE,
  ADD KEY `idProveedor` (`idProveedor`) USING BTREE;

--
-- Indices de la tabla `rol`
--
ALTER TABLE `rol`
  ADD PRIMARY KEY (`idRol`);

--
-- Indices de la tabla `usuario`
--
ALTER TABLE `usuario`
  ADD PRIMARY KEY (`idUsuario`);

--
-- AUTO_INCREMENT de las tablas volcadas
--

--
-- AUTO_INCREMENT de la tabla `categorias`
--
ALTER TABLE `categorias`
  MODIFY `idCategorias` int(10) NOT NULL AUTO_INCREMENT, AUTO_INCREMENT=25;

--
-- AUTO_INCREMENT de la tabla `crearcuenta`
--
ALTER TABLE `crearcuenta`
  MODIFY `idCrearCuenta` int(10) NOT NULL AUTO_INCREMENT, AUTO_INCREMENT=85;

--
-- AUTO_INCREMENT de la tabla `factura`
--
ALTER TABLE `factura`
  MODIFY `idFactura` int(10) NOT NULL AUTO_INCREMENT, AUTO_INCREMENT=20;

--
-- AUTO_INCREMENT de la tabla `login`
--
ALTER TABLE `login`
  MODIFY `idLogin` int(10) NOT NULL AUTO_INCREMENT, AUTO_INCREMENT=73;

--
-- AUTO_INCREMENT de la tabla `metodopago`
--
ALTER TABLE `metodopago`
  MODIFY `idMetodoPago` int(10) NOT NULL AUTO_INCREMENT, AUTO_INCREMENT=3;

--
-- AUTO_INCREMENT de la tabla `producto`
--
ALTER TABLE `producto`
  MODIFY `idProducto` int(10) NOT NULL AUTO_INCREMENT, AUTO_INCREMENT=20;

--
-- AUTO_INCREMENT de la tabla `proveedor`
--
ALTER TABLE `proveedor`
  MODIFY `idProveedor` int(10) NOT NULL AUTO_INCREMENT, AUTO_INCREMENT=14;

--
-- AUTO_INCREMENT de la tabla `regproducto`
--
ALTER TABLE `regproducto`
  MODIFY `idRegProducto` int(10) NOT NULL AUTO_INCREMENT, AUTO_INCREMENT=14;

--
-- AUTO_INCREMENT de la tabla `rol`
--
ALTER TABLE `rol`
  MODIFY `idRol` int(10) NOT NULL AUTO_INCREMENT, AUTO_INCREMENT=16;

--
-- AUTO_INCREMENT de la tabla `usuario`
--
ALTER TABLE `usuario`
  MODIFY `idUsuario` int(10) NOT NULL AUTO_INCREMENT, AUTO_INCREMENT=18;

--
-- Restricciones para tablas volcadas
--

--
-- Filtros para la tabla `crearcuenta`
--
ALTER TABLE `crearcuenta`
  ADD CONSTRAINT `CrearCuenta_ibfk_1` FOREIGN KEY (`idRol`) REFERENCES `rol` (`idRol`) ON DELETE CASCADE ON UPDATE CASCADE,
  ADD CONSTRAINT `CrearCuenta_ibfk_2` FOREIGN KEY (`idUsuario`) REFERENCES `usuario` (`idUsuario`) ON DELETE CASCADE ON UPDATE CASCADE;

--
-- Filtros para la tabla `factura`
--
ALTER TABLE `factura`
  ADD CONSTRAINT `Factura_ibfk_1` FOREIGN KEY (`idCrearCuenta`) REFERENCES `crearcuenta` (`idCrearCuenta`) ON DELETE CASCADE ON UPDATE CASCADE,
  ADD CONSTRAINT `Factura_ibfk_2` FOREIGN KEY (`idRegProducto`) REFERENCES `regproducto` (`idRegProducto`) ON DELETE CASCADE ON UPDATE CASCADE,
  ADD CONSTRAINT `Factura_ibfk_3` FOREIGN KEY (`idMetodoPago`) REFERENCES `metodopago` (`idMetodoPago`) ON DELETE CASCADE ON UPDATE CASCADE;

--
-- Filtros para la tabla `login`
--
ALTER TABLE `login`
  ADD CONSTRAINT `Login_ibfk_1` FOREIGN KEY (`idCrearCuenta`) REFERENCES `crearcuenta` (`idCrearCuenta`) ON DELETE CASCADE ON UPDATE CASCADE;

--
-- Filtros para la tabla `regproducto`
--
ALTER TABLE `regproducto`
  ADD CONSTRAINT `RegProducto_ibfk_1` FOREIGN KEY (`idCategoria`) REFERENCES `categorias` (`idCategorias`) ON DELETE CASCADE ON UPDATE CASCADE,
  ADD CONSTRAINT `RegProducto_ibfk_2` FOREIGN KEY (`idProducto`) REFERENCES `producto` (`idProducto`) ON DELETE CASCADE ON UPDATE CASCADE,
  ADD CONSTRAINT `RegProducto_ibfk_3` FOREIGN KEY (`idProveedor`) REFERENCES `proveedor` (`idProveedor`) ON DELETE CASCADE ON UPDATE CASCADE;
COMMIT;

/*!40101 SET CHARACTER_SET_CLIENT=@OLD_CHARACTER_SET_CLIENT */;
/*!40101 SET CHARACTER_SET_RESULTS=@OLD_CHARACTER_SET_RESULTS */;
/*!40101 SET COLLATION_CONNECTION=@OLD_COLLATION_CONNECTION */;
